x-axis,1,2
second,Volt,Volt
+507.0000E-06,-41.5829135E-03,-40.2010046E-03
+507.5000E-06,-35.3015065E-03,-54.0200999E-03
+508.0000E-06,-47.8643205E-03,-32.6633162E-03
+508.5000E-06,-51.6331646E-03,-36.4321604E-03
+509.0000E-06,-35.3015065E-03,-40.2010046E-03
+509.5000E-06,-17.7135670E-03,-40.2010046E-03
+510.0000E-06,-27.7638182E-03,-20.1005023E-03
+510.5000E-06,-15.2010042E-03,-20.1005023E-03
+511.0000E-06,-21.4824112E-03,-26.3819093E-03
+511.5000E-06,-31.5326623E-03,-20.1005023E-03
+512.0000E-06,-41.5829135E-03,-40.2010046E-03
+512.5000E-06,-31.5326623E-03,-40.2010046E-03
+513.0000E-06,-35.3015065E-03,-40.2010046E-03
+513.5000E-06,-37.8140693E-03,-56.5326627E-03
+514.0000E-06,-55.4020088E-03,-60.3015069E-03
+514.5000E-06,-31.5326623E-03,-40.2010046E-03
+515.0000E-06,-27.7638182E-03,-40.2010046E-03
+515.5000E-06,-17.7135670E-03,-22.6130651E-03
+516.0000E-06,-21.4824112E-03,-40.2010046E-03
+516.5000E-06,-15.2010042E-03,-56.5326627E-03
+517.0000E-06,-35.3015065E-03,-33.9195976E-03
+517.5000E-06,-35.3015065E-03,-42.7135674E-03
+518.0000E-06,-35.3015065E-03,-46.4824116E-03
+518.5000E-06,-35.3015065E-03,-56.5326627E-03
+519.0000E-06,-15.2010042E-03,-60.3015069E-03
+519.5000E-06,-17.7135670E-03,-42.7135674E-03
+520.0000E-06,-21.4824112E-03,-40.2010046E-03
+520.5000E-06,-35.3015065E-03,-40.2010046E-03
+521.0000E-06,-27.7638182E-03,-52.7638185E-03
+521.5000E-06,-15.2010042E-03,-40.2010046E-03
+522.0000E-06,-21.4824112E-03,-52.7638185E-03
+522.5000E-06,-15.2010042E-03,-40.2010046E-03
+523.0000E-06,-15.2010042E-03,-60.3015069E-03
+523.5000E-06,-11.4321600E-03,-76.6331650E-03
+524.0000E-06,-15.2010042E-03,-60.3015069E-03
+524.5000E-06,-31.5326623E-03,-60.3015069E-03
+525.0000E-06,-15.2010042E-03,-46.4824116E-03
+525.5000E-06,-35.3015065E-03,-60.3015069E-03
+526.0000E-06,-27.7638182E-03,-60.3015069E-03
+526.5000E-06,-15.2010042E-03,-76.6331650E-03
+527.0000E-06,-1.3819089E-03,-66.5829139E-03
+527.5000E-06,+2.3869353E-03,-76.6331650E-03
+528.0000E-06,-1.3819089E-03,-60.3015069E-03
+528.5000E-06,-17.7135670E-03,-60.3015069E-03
+529.0000E-06,-21.4824112E-03,-60.3015069E-03
+529.5000E-06,+2.3869353E-03,-60.3015069E-03
+530.0000E-06,-1.3819089E-03,-60.3015069E-03
+530.5000E-06,-15.2010042E-03,-42.7135674E-03
+531.0000E-06,-15.2010042E-03,-40.2010046E-03
+531.5000E-06,-15.2010042E-03,-60.3015069E-03
+532.0000E-06,-8.9195973E-03,-52.7638185E-03
+532.5000E-06,-15.2010042E-03,-56.5326627E-03
+533.0000E-06,+4.8994981E-03,-40.2010046E-03
+533.5000E-06,-17.7135670E-03,-40.2010046E-03
+534.0000E-06,-15.2010042E-03,-46.4824116E-03
+534.5000E-06,-15.2010042E-03,-56.5326627E-03
+535.0000E-06,+4.8994981E-03,-46.4824116E-03
+535.5000E-06,+4.8994981E-03,-42.7135674E-03
+536.0000E-06,+12.4371864E-03,-52.7638185E-03
+536.5000E-06,+4.8994981E-03,-60.3015069E-03
+537.0000E-06,-1.3819089E-03,-60.3015069E-03
+537.5000E-06,+4.8994981E-03,-60.3015069E-03
+538.0000E-06,-1.3819089E-03,-52.7638185E-03
+538.5000E-06,+4.8994981E-03,-40.2010046E-03
+539.0000E-06,+4.8994981E-03,-52.7638185E-03
+539.5000E-06,+4.8994981E-03,-60.3015069E-03
+540.0000E-06,+18.7185934E-03,-52.7638185E-03
+540.5000E-06,+25.0000004E-03,-56.5326627E-03
+541.0000E-06,+4.8994981E-03,-52.7638185E-03
+541.5000E-06,-11.4321600E-03,-40.2010046E-03
+542.0000E-06,-7.6633159E-03,-40.2010046E-03
+542.5000E-06,+2.3869353E-03,-60.3015069E-03
+543.0000E-06,+4.8994981E-03,-52.7638185E-03
+543.5000E-06,+22.4874376E-03,-40.2010046E-03
+544.0000E-06,+4.8994981E-03,-52.7638185E-03
+544.5000E-06,+8.6683423E-03,-42.7135674E-03
+545.0000E-06,+25.0000004E-03,-46.4824116E-03
+545.5000E-06,+41.3316585E-03,-40.2010046E-03
+546.0000E-06,+37.5628143E-03,-46.4824116E-03
+546.5000E-06,+4.8994981E-03,-40.2010046E-03
+547.0000E-06,-7.6633159E-03,-52.7638185E-03
+547.5000E-06,+22.4874376E-03,-40.2010046E-03
+548.0000E-06,+18.7185934E-03,-32.6633162E-03
+548.5000E-06,+8.6683423E-03,-40.2010046E-03
+549.0000E-06,+18.7185934E-03,-52.7638185E-03
+549.5000E-06,+22.4874376E-03,-40.2010046E-03
+550.0000E-06,+4.8994981E-03,-26.3819093E-03
+550.5000E-06,+22.4874376E-03,-60.3015069E-03
+551.0000E-06,+25.0000004E-03,-40.2010046E-03
+551.5000E-06,+8.6683423E-03,-42.7135674E-03
+552.0000E-06,+25.0000004E-03,-40.2010046E-03
+552.5000E-06,+22.4874376E-03,-40.2010046E-03
+553.0000E-06,+12.4371864E-03,-40.2010046E-03
+553.5000E-06,+4.8994981E-03,-40.2010046E-03
+554.0000E-06,+4.8994981E-03,-40.2010046E-03
+554.5000E-06,-11.4321600E-03,-40.2010046E-03
+555.0000E-06,-15.2010042E-03,-26.3819093E-03
+555.5000E-06,+4.8994981E-03,-36.4321604E-03
+556.0000E-06,+4.8994981E-03,-40.2010046E-03
+556.5000E-06,+2.3869353E-03,-20.1005023E-03
+557.0000E-06,+4.8994981E-03,-40.2010046E-03
+557.5000E-06,+4.8994981E-03,-36.4321604E-03
+558.0000E-06,+4.8994981E-03,-32.6633162E-03
+558.5000E-06,+22.4874376E-03,-40.2010046E-03
+559.0000E-06,+4.8994981E-03,-40.2010046E-03
+559.5000E-06,+22.4874376E-03,-40.2010046E-03
+560.0000E-06,+12.4371864E-03,-32.6633162E-03
+560.5000E-06,+8.6683423E-03,-20.1005023E-03
+561.0000E-06,-7.6633159E-03,-26.3819093E-03
+561.5000E-06,-8.9195973E-03,-33.9195976E-03
+562.0000E-06,-15.2010042E-03,-26.3819093E-03
+562.5000E-06,+2.3869353E-03,-40.2010046E-03
+563.0000E-06,+4.8994981E-03,-26.3819093E-03
+563.5000E-06,+4.8994981E-03,-20.1005023E-03
+564.0000E-06,-15.2010042E-03,-6.2814070E-03
+564.5000E-06,+4.8994981E-03,-20.1005023E-03
+565.0000E-06,+18.7185934E-03,-40.2010046E-03
+565.5000E-06,+4.8994981E-03,-40.2010046E-03
+566.0000E-06,-15.2010042E-03,-32.6633162E-03
+566.5000E-06,-15.2010042E-03,-22.6130651E-03
+567.0000E-06,+4.8994981E-03,-20.1005023E-03
+567.5000E-06,-11.4321600E-03,-20.1005023E-03
+568.0000E-06,-15.2010042E-03,-20.1005023E-03
+568.5000E-06,-11.4321600E-03,-2.5125628E-03
+569.0000E-06,-21.4824112E-03,-6.2814070E-03
+569.5000E-06,-35.3015065E-03,-20.1005023E-03
+570.0000E-06,-15.2010042E-03,-32.6633162E-03
+570.5000E-06,-15.2010042E-03,-20.1005023E-03
+571.0000E-06,-15.2010042E-03,-25.1256279E-03
+571.5000E-06,-31.5326623E-03,-20.1005023E-03
+572.0000E-06,-15.2010042E-03,-20.1005023E-03
+572.5000E-06,+2.3869353E-03,-22.6130651E-03
+573.0000E-06,-15.2010042E-03,-20.1005023E-03
+573.5000E-06,-15.2010042E-03,-20.1005023E-03
+574.0000E-06,-15.2010042E-03,-32.6633162E-03
+574.5000E-06,-11.4321600E-03,-36.4321604E-03
+575.0000E-06,-27.7638182E-03,-20.1005023E-03
+575.5000E-06,-35.3015065E-03,+0.0E+00
+576.0000E-06,-35.3015065E-03,+0.0E+00
+576.5000E-06,-35.3015065E-03,-20.1005023E-03
+577.0000E-06,-27.7638182E-03,-6.2814070E-03
+577.5000E-06,-35.3015065E-03,-20.1005023E-03
+578.0000E-06,-35.3015065E-03,-32.6633162E-03
+578.5000E-06,-20.2261298E-03,-20.1005023E-03
+579.0000E-06,-47.8643205E-03,-20.1005023E-03
+579.5000E-06,-35.3015065E-03,-36.4321604E-03
+580.0000E-06,-35.3015065E-03,-26.3819093E-03
+580.5000E-06,-35.3015065E-03,-36.4321604E-03
+581.0000E-06,-47.8643205E-03,-6.2814070E-03
+581.5000E-06,-51.6331646E-03,-20.1005023E-03
+582.0000E-06,-55.4020088E-03,-26.3819093E-03
+582.5000E-06,-71.7336669E-03,-20.1005023E-03
+583.0000E-06,-55.4020088E-03,-20.1005023E-03
+583.5000E-06,-51.6331646E-03,+0.0E+00
+584.0000E-06,-67.9648228E-03,-6.2814070E-03
+584.5000E-06,-55.4020088E-03,-20.1005023E-03
+585.0000E-06,-75.5025111E-03,-26.3819093E-03
+585.5000E-06,-75.5025111E-03,-22.6130651E-03
+586.0000E-06,-75.5025111E-03,-40.2010046E-03
+586.5000E-06,-75.5025111E-03,-36.4321604E-03
+587.0000E-06,-61.6834158E-03,-32.6633162E-03
+587.5000E-06,-57.9145716E-03,+0.0E+00
+588.0000E-06,-75.5025111E-03,-12.5628139E-03
+588.5000E-06,-91.8341692E-03,-20.1005023E-03
+589.0000E-06,-67.9648228E-03,-6.2814070E-03
+589.5000E-06,-75.5025111E-03,-36.4321604E-03
+590.0000E-06,-67.9648228E-03,-26.3819093E-03
+590.5000E-06,-71.7336669E-03,-20.1005023E-03
+591.0000E-06,-88.0653250E-03,-32.6633162E-03
+591.5000E-06,-78.0150739E-03,-20.1005023E-03
+592.0000E-06,-75.5025111E-03,-6.2814070E-03
+592.5000E-06,-75.5025111E-03,-20.1005023E-03
+593.0000E-06,-55.4020088E-03,-40.2010046E-03
+593.5000E-06,-71.7336669E-03,-40.2010046E-03
+594.0000E-06,-67.9648228E-03,-45.2261302E-03
+594.5000E-06,-75.5025111E-03,-20.1005023E-03
+595.0000E-06,-75.5025111E-03,-26.3819093E-03
+595.5000E-06,-71.7336669E-03,-40.2010046E-03
+596.0000E-06,-61.6834158E-03,-45.2261302E-03
+596.5000E-06,-78.0150739E-03,-40.2010046E-03
+597.0000E-06,-95.6030134E-03,-60.3015069E-03
+597.5000E-06,-91.8341692E-03,-42.7135674E-03
+598.0000E-06,-89.3216064E-03,-66.5829139E-03
+598.5000E-06,-95.6030134E-03,-60.3015069E-03
+599.0000E-06,-101.8844204E-03,-52.7638185E-03
+599.5000E-06,-95.6030134E-03,-56.5326627E-03
+600.0000E-06,-95.6030134E-03,-60.3015069E-03
+600.5000E-06,-91.8341692E-03,-42.7135674E-03
+601.0000E-06,-95.6030134E-03,-60.3015069E-03
+601.5000E-06,-80.5276367E-03,-60.3015069E-03
+602.0000E-06,-95.6030134E-03,-60.3015069E-03
+602.5000E-06,-75.5025111E-03,-60.3015069E-03
+603.0000E-06,-75.5025111E-03,-60.3015069E-03
+603.5000E-06,-91.8341692E-03,-45.2261302E-03
+604.0000E-06,-81.7839181E-03,-60.3015069E-03
+604.5000E-06,-111.9346715E-03,-80.4020092E-03
+605.0000E-06,-95.6030134E-03,-72.8643208E-03
+605.5000E-06,-95.6030134E-03,-62.8140697E-03
+606.0000E-06,-115.7035157E-03,-66.5829139E-03
+606.5000E-06,-95.6030134E-03,-80.4020092E-03
+607.0000E-06,-108.1658273E-03,-72.8643208E-03
+607.5000E-06,-78.0150739E-03,-76.6331650E-03
+608.0000E-06,-95.6030134E-03,-66.5829139E-03
+608.5000E-06,-95.6030134E-03,-74.1206022E-03
+609.0000E-06,-101.8844204E-03,-80.4020092E-03
+609.5000E-06,-115.7035157E-03,-65.3266325E-03
+610.0000E-06,-108.1658273E-03,-72.8643208E-03
+610.5000E-06,-91.8341692E-03,-80.4020092E-03
+611.0000E-06,-95.6030134E-03,-66.5829139E-03
+611.5000E-06,-98.1155762E-03,-96.7336673E-03
+612.0000E-06,-95.6030134E-03,-80.4020092E-03
+612.5000E-06,-115.7035157E-03,-80.4020092E-03
+613.0000E-06,-108.1658273E-03,-80.4020092E-03
+613.5000E-06,-109.4221087E-03,-100.5025115E-03
+614.0000E-06,-95.6030134E-03,-86.6834162E-03
+614.5000E-06,-75.5025111E-03,-80.4020092E-03
+615.0000E-06,-95.6030134E-03,-100.5025115E-03
+615.5000E-06,-57.9145716E-03,-100.5025115E-03
+616.0000E-06,-81.7839181E-03,-80.4020092E-03
+616.5000E-06,-78.0150739E-03,-80.4020092E-03
+617.0000E-06,-88.0653250E-03,-94.2211045E-03
+617.5000E-06,-71.7336669E-03,-80.4020092E-03
+618.0000E-06,-95.6030134E-03,-80.4020092E-03
+618.5000E-06,-91.8341692E-03,-76.6331650E-03
+619.0000E-06,-95.6030134E-03,-92.9648231E-03
+619.5000E-06,-78.0150739E-03,-100.5025115E-03
+620.0000E-06,-88.0653250E-03,-86.6834162E-03
+620.5000E-06,-91.8341692E-03,-80.4020092E-03
+621.0000E-06,-75.5025111E-03,-80.4020092E-03
+621.5000E-06,-75.5025111E-03,-60.3015069E-03
+622.0000E-06,-81.7839181E-03,-80.4020092E-03
+622.5000E-06,-75.5025111E-03,-76.6331650E-03
+623.0000E-06,-75.5025111E-03,-80.4020092E-03
+623.5000E-06,-75.5025111E-03,-96.7336673E-03
+624.0000E-06,-88.0653250E-03,-100.5025115E-03
+624.5000E-06,-95.6030134E-03,-80.4020092E-03
+625.0000E-06,-75.5025111E-03,-80.4020092E-03
+625.5000E-06,-91.8341692E-03,-80.4020092E-03
+626.0000E-06,-75.5025111E-03,-72.8643208E-03
+626.5000E-06,-80.5276367E-03,-76.6331650E-03
+627.0000E-06,-88.0653250E-03,-80.4020092E-03
+627.5000E-06,-60.4271344E-03,-80.4020092E-03
+628.0000E-06,-60.4271344E-03,-66.5829139E-03
+628.5000E-06,-55.4020088E-03,-80.4020092E-03
+629.0000E-06,-61.6834158E-03,-66.5829139E-03
+629.5000E-06,-57.9145716E-03,-76.6331650E-03
+630.0000E-06,-55.4020088E-03,-92.9648231E-03
+630.5000E-06,-71.7336669E-03,-80.4020092E-03
+631.0000E-06,-55.4020088E-03,-60.3015069E-03
+631.5000E-06,-51.6331646E-03,-76.6331650E-03
+632.0000E-06,-47.8643205E-03,-66.5829139E-03
+632.5000E-06,-51.6331646E-03,-80.4020092E-03
+633.0000E-06,-61.6834158E-03,-80.4020092E-03
+633.5000E-06,-51.6331646E-03,-60.3015069E-03
+634.0000E-06,-55.4020088E-03,-80.4020092E-03
+634.5000E-06,-37.8140693E-03,-76.6331650E-03
+635.0000E-06,-47.8643205E-03,-66.5829139E-03
+635.5000E-06,-51.6331646E-03,-80.4020092E-03
+636.0000E-06,-55.4020088E-03,-80.4020092E-03
+636.5000E-06,-37.8140693E-03,-60.3015069E-03
+637.0000E-06,-55.4020088E-03,-66.5829139E-03
+637.5000E-06,-55.4020088E-03,-60.3015069E-03
+638.0000E-06,-55.4020088E-03,-60.3015069E-03
+638.5000E-06,-55.4020088E-03,-60.3015069E-03
+639.0000E-06,-55.4020088E-03,-26.3819093E-03
+639.5000E-06,-49.1206018E-03,-40.2010046E-03
+640.0000E-06,-35.3015065E-03,-40.2010046E-03
+640.5000E-06,-35.3015065E-03,-56.5326627E-03
+641.0000E-06,-35.3015065E-03,-60.3015069E-03
+641.5000E-06,-35.3015065E-03,-42.7135674E-03
+642.0000E-06,-47.8643205E-03,-40.2010046E-03
+642.5000E-06,-35.3015065E-03,-36.4321604E-03
+643.0000E-06,-41.5829135E-03,-52.7638185E-03
+643.5000E-06,-35.3015065E-03,-54.0200999E-03
+644.0000E-06,-41.5829135E-03,-40.2010046E-03
+644.5000E-06,-35.3015065E-03,-20.1005023E-03
+645.0000E-06,-27.7638182E-03,-20.1005023E-03
+645.5000E-06,-35.3015065E-03,-20.1005023E-03
+646.0000E-06,-35.3015065E-03,-6.2814070E-03
+646.5000E-06,-51.6331646E-03,-16.3316581E-03
+647.0000E-06,-35.3015065E-03,-20.1005023E-03
+647.5000E-06,-37.8140693E-03,-20.1005023E-03
+648.0000E-06,-47.8643205E-03,+0.0E+00
+648.5000E-06,-51.6331646E-03,+0.0E+00
+649.0000E-06,-35.3015065E-03,+0.0E+00
+649.5000E-06,-35.3015065E-03,+0.0E+00
+650.0000E-06,-21.4824112E-03,-12.5628139E-03
+650.5000E-06,-35.3015065E-03,+0.0E+00
+651.0000E-06,-35.3015065E-03,+0.0E+00
+651.5000E-06,-35.3015065E-03,+0.0E+00
+652.0000E-06,-41.5829135E-03,+12.5628139E-03
+652.5000E-06,-31.5326623E-03,+20.1005023E-03
+653.0000E-06,-35.3015065E-03,+26.3819093E-03
+653.5000E-06,-55.4020088E-03,+2.5125628E-03
+654.0000E-06,-35.3015065E-03,+20.1005023E-03
+654.5000E-06,-35.3015065E-03,+16.3316581E-03
+655.0000E-06,-35.3015065E-03,+12.5628139E-03
+655.5000E-06,-31.5326623E-03,+20.1005023E-03
+656.0000E-06,-21.4824112E-03,+40.2010046E-03
+656.5000E-06,-37.8140693E-03,+40.2010046E-03
+657.0000E-06,-61.6834158E-03,+32.6633162E-03
+657.5000E-06,-40.3266321E-03,+22.6130651E-03
+658.0000E-06,-47.8643205E-03,+20.1005023E-03
+658.5000E-06,-55.4020088E-03,+22.6130651E-03
+659.0000E-06,-55.4020088E-03,+32.6633162E-03
+659.5000E-06,-55.4020088E-03,+42.7135674E-03
+660.0000E-06,-67.9648228E-03,+52.7638185E-03
+660.5000E-06,-57.9145716E-03,+40.2010046E-03
+661.0000E-06,-47.8643205E-03,+40.2010046E-03
+661.5000E-06,-55.4020088E-03,+42.7135674E-03
+662.0000E-06,-47.8643205E-03,+46.4824116E-03
+662.5000E-06,-69.2211041E-03,+60.3015069E-03
+663.0000E-06,-55.4020088E-03,+72.8643208E-03
+663.5000E-06,-57.9145716E-03,+80.4020092E-03
+664.0000E-06,-67.9648228E-03,+66.5829139E-03
+664.5000E-06,-71.7336669E-03,+62.8140697E-03
+665.0000E-06,-47.8643205E-03,+86.6834162E-03
+665.5000E-06,-71.7336669E-03,+80.4020092E-03
+666.0000E-06,-75.5025111E-03,+100.5025115E-03
+666.5000E-06,-75.5025111E-03,+80.4020092E-03
+667.0000E-06,-61.6834158E-03,+100.5025115E-03
+667.5000E-06,-75.5025111E-03,+80.4020092E-03
+668.0000E-06,-81.7839181E-03,+100.5025115E-03
+668.5000E-06,-95.6030134E-03,+80.4020092E-03
+669.0000E-06,-88.0653250E-03,+86.6834162E-03
+669.5000E-06,-95.6030134E-03,+96.7336673E-03
+670.0000E-06,-80.5276367E-03,+94.2211045E-03
+670.5000E-06,-95.6030134E-03,+85.4271348E-03
+671.0000E-06,-81.7839181E-03,+100.5025115E-03
+671.5000E-06,-75.5025111E-03,+80.4020092E-03
+672.0000E-06,-75.5025111E-03,+100.5025115E-03
+672.5000E-06,-78.0150739E-03,+100.5025115E-03
+673.0000E-06,-81.7839181E-03,+106.7839185E-03
+673.5000E-06,-109.4221087E-03,+80.4020092E-03
+674.0000E-06,-108.1658273E-03,+106.7839185E-03
+674.5000E-06,-115.7035157E-03,+100.5025115E-03
+675.0000E-06,-108.1658273E-03,+106.7839185E-03
+675.5000E-06,-98.1155762E-03,+100.5025115E-03
+676.0000E-06,-115.7035157E-03,+106.7839185E-03
+676.5000E-06,-100.6281390E-03,+120.6030138E-03
+677.0000E-06,-128.2663296E-03,+113.0653254E-03
+677.5000E-06,-118.2160785E-03,+85.4271348E-03
+678.0000E-06,-128.2663296E-03,+100.5025115E-03
+678.5000E-06,-135.8040180E-03,+100.5025115E-03
+679.0000E-06,-121.9849227E-03,+100.5025115E-03
+679.5000E-06,-118.2160785E-03,+80.4020092E-03
+680.0000E-06,-135.8040180E-03,+100.5025115E-03
+680.5000E-06,-152.1356761E-03,+103.0150743E-03
+681.0000E-06,-128.2663296E-03,+100.5025115E-03
+681.5000E-06,-115.7035157E-03,+100.5025115E-03
+682.0000E-06,-135.8040180E-03,+113.0653254E-03
+682.5000E-06,-118.2160785E-03,+136.9346719E-03
+683.0000E-06,-148.3668319E-03,+94.2211045E-03
+683.5000E-06,-135.8040180E-03,+103.0150743E-03
+684.0000E-06,-135.8040180E-03,+100.5025115E-03
+684.5000E-06,-155.9045203E-03,+100.5025115E-03
+685.0000E-06,-135.8040180E-03,+120.6030138E-03
+685.5000E-06,-135.8040180E-03,+82.9145720E-03
+686.0000E-06,-128.2663296E-03,+120.6030138E-03
+686.5000E-06,-152.1356761E-03,+120.6030138E-03
+687.0000E-06,-148.3668319E-03,+92.9648231E-03
+687.5000E-06,-135.8040180E-03,+100.5025115E-03
+688.0000E-06,-155.9045203E-03,+86.6834162E-03
+688.5000E-06,-155.9045203E-03,+96.7336673E-03
+689.0000E-06,-155.9045203E-03,+86.6834162E-03
+689.5000E-06,-172.2361784E-03,+80.4020092E-03
+690.0000E-06,-162.1859273E-03,+86.6834162E-03
+690.5000E-06,-172.2361784E-03,+80.4020092E-03
+691.0000E-06,-155.9045203E-03,+86.6834162E-03
+691.5000E-06,-138.3165808E-03,+100.5025115E-03
+692.0000E-06,-168.4673342E-03,+86.6834162E-03
+692.5000E-06,-155.9045203E-03,+80.4020092E-03
+693.0000E-06,-155.9045203E-03,+86.6834162E-03
+693.5000E-06,-158.4170831E-03,+96.7336673E-03
+694.0000E-06,-148.3668319E-03,+100.5025115E-03
+694.5000E-06,-158.4170831E-03,+80.4020092E-03
+695.0000E-06,-155.9045203E-03,+92.9648231E-03
+695.5000E-06,-155.9045203E-03,+60.3015069E-03
+696.0000E-06,-155.9045203E-03,+66.5829139E-03
+696.5000E-06,-155.9045203E-03,+80.4020092E-03
+697.0000E-06,-176.0050226E-03,+86.6834162E-03
+697.5000E-06,-189.8241179E-03,+62.8140697E-03
+698.0000E-06,-176.0050226E-03,+80.4020092E-03
+698.5000E-06,-176.0050226E-03,+76.6331650E-03
+699.0000E-06,-162.1859273E-03,+60.3015069E-03
+699.5000E-06,-192.3366807E-03,+76.6331650E-03
+700.0000E-06,-168.4673342E-03,+40.2010046E-03
+700.5000E-06,-155.9045203E-03,+60.3015069E-03
+701.0000E-06,-142.0854250E-03,+60.3015069E-03
+701.5000E-06,-138.3165808E-03,+80.4020092E-03
+702.0000E-06,-148.3668319E-03,+33.9195976E-03
+702.5000E-06,-135.8040180E-03,+40.2010046E-03
+703.0000E-06,-135.8040180E-03,+40.2010046E-03
+703.5000E-06,-152.1356761E-03,+40.2010046E-03
+704.0000E-06,-148.3668319E-03,+26.3819093E-03
+704.5000E-06,-172.2361784E-03,+36.4321604E-03
+705.0000E-06,-155.9045203E-03,+26.3819093E-03
+705.5000E-06,-158.4170831E-03,+36.4321604E-03
+706.0000E-06,-142.0854250E-03,+26.3819093E-03
+706.5000E-06,-135.8040180E-03,+36.4321604E-03
+707.0000E-06,-155.9045203E-03,+26.3819093E-03
+707.5000E-06,-135.8040180E-03,+36.4321604E-03
+708.0000E-06,-135.8040180E-03,+40.2010046E-03
+708.5000E-06,-118.2160785E-03,+20.1005023E-03
+709.0000E-06,-128.2663296E-03,+20.1005023E-03
+709.5000E-06,-135.8040180E-03,+0.0E+00
+710.0000E-06,-128.2663296E-03,+0.0E+00
+710.5000E-06,-115.7035157E-03,-16.3316581E-03
+711.0000E-06,-115.7035157E-03,+6.2814070E-03
+711.5000E-06,-118.2160785E-03,+16.3316581E-03
+712.0000E-06,-115.7035157E-03,+6.2814070E-03
+712.5000E-06,-115.7035157E-03,+0.0E+00
+713.0000E-06,-101.8844204E-03,+0.0E+00
+713.5000E-06,-98.1155762E-03,-2.5125628E-03
+714.0000E-06,-108.1658273E-03,-20.1005023E-03
+714.5000E-06,-95.6030134E-03,-20.1005023E-03
+715.0000E-06,-88.0653250E-03,-12.5628139E-03
+715.5000E-06,-91.8341692E-03,-20.1005023E-03
+716.0000E-06,-88.0653250E-03,-6.2814070E-03
+716.5000E-06,-91.8341692E-03,-16.3316581E-03
+717.0000E-06,-69.2211041E-03,-20.1005023E-03
+717.5000E-06,-57.9145716E-03,-16.3316581E-03
+718.0000E-06,-55.4020088E-03,-20.1005023E-03
+718.5000E-06,-57.9145716E-03,+0.0E+00
+719.0000E-06,-55.4020088E-03,-20.1005023E-03
+719.5000E-06,-55.4020088E-03,-20.1005023E-03
+720.0000E-06,-47.8643205E-03,-20.1005023E-03
+720.5000E-06,-31.5326623E-03,-20.1005023E-03
+721.0000E-06,-35.3015065E-03,-20.1005023E-03
+721.5000E-06,-51.6331646E-03,-33.9195976E-03
+722.0000E-06,-15.2010042E-03,-6.2814070E-03
+722.5000E-06,-15.2010042E-03,-20.1005023E-03
+723.0000E-06,-8.9195973E-03,-26.3819093E-03
+723.5000E-06,-17.7135670E-03,-20.1005023E-03
+724.0000E-06,-1.3819089E-03,-20.1005023E-03
+724.5000E-06,+4.8994981E-03,-20.1005023E-03
+725.0000E-06,+4.8994981E-03,-12.5628139E-03
+725.5000E-06,+4.8994981E-03,-20.1005023E-03
+726.0000E-06,+12.4371864E-03,-6.2814070E-03
+726.5000E-06,+25.0000004E-03,+0.0E+00
+727.0000E-06,+25.0000004E-03,-6.2814070E-03
+727.5000E-06,+25.0000004E-03,-2.5125628E-03
+728.0000E-06,+31.2814073E-03,-20.1005023E-03
+728.5000E-06,+27.5125632E-03,+0.0E+00
+729.0000E-06,+45.1005027E-03,+0.0E+00
+729.5000E-06,+47.6130655E-03,+0.0E+00
+730.0000E-06,+65.2010050E-03,+0.0E+00
+730.5000E-06,+61.4321608E-03,+20.1005023E-03
+731.0000E-06,+51.3819096E-03,+20.1005023E-03
+731.5000E-06,+67.7135678E-03,+20.1005023E-03
+732.0000E-06,+105.4020096E-03,+20.1005023E-03
+732.5000E-06,+87.8140701E-03,+20.1005023E-03
+733.0000E-06,+125.5025119E-03,+40.2010046E-03
+733.5000E-06,+125.5025119E-03,+40.2010046E-03
+734.0000E-06,+111.6834165E-03,+40.2010046E-03
+734.5000E-06,+121.7336677E-03,+40.2010046E-03
+735.0000E-06,+125.5025119E-03,+46.4824116E-03
+735.5000E-06,+145.6030142E-03,+60.3015069E-03
+736.0000E-06,+138.0653258E-03,+46.4824116E-03
+736.5000E-06,+145.6030142E-03,+42.7135674E-03
+737.0000E-06,+165.7035165E-03,+60.3015069E-03
+737.5000E-06,+165.7035165E-03,+62.8140697E-03
+738.0000E-06,+171.9849234E-03,+80.4020092E-03
+738.5000E-06,+165.7035165E-03,+100.5025115E-03
+739.0000E-06,+185.8040188E-03,+86.6834162E-03
+739.5000E-06,+188.3165815E-03,+100.5025115E-03
+740.0000E-06,+185.8040188E-03,+100.5025115E-03
+740.5000E-06,+185.8040188E-03,+116.8341696E-03
+741.0000E-06,+205.9045210E-03,+106.7839185E-03
+741.5000E-06,+205.9045210E-03,+116.8341696E-03
+742.0000E-06,+205.9045210E-03,+120.6030138E-03
+742.5000E-06,+208.4170838E-03,+123.1155766E-03
+743.0000E-06,+226.0050233E-03,+140.7035161E-03
+743.5000E-06,+226.0050233E-03,+140.7035161E-03
+744.0000E-06,+232.2864303E-03,+160.8040184E-03
+744.5000E-06,+246.1055256E-03,+160.8040184E-03
+745.0000E-06,+266.2060279E-03,+173.3668323E-03
+745.5000E-06,+246.1055256E-03,+180.9045207E-03
+746.0000E-06,+226.0050233E-03,+187.1859276E-03
+746.5000E-06,+246.1055256E-03,+197.2361788E-03
+747.0000E-06,+238.5678373E-03,+221.1055253E-03
+747.5000E-06,+248.6180884E-03,+223.6180881E-03
+748.0000E-06,+258.6683396E-03,+233.6683392E-03
+748.5000E-06,+248.6180884E-03,+261.3065299E-03
+749.0000E-06,+266.2060279E-03,+247.4874345E-03
+749.5000E-06,+286.3065302E-03,+243.7185904E-03
+750.0000E-06,+298.8693442E-03,+261.3065299E-03
+750.5000E-06,+306.4070325E-03,+257.5376857E-03
+751.0000E-06,+306.4070325E-03,+267.5879368E-03
+751.5000E-06,+268.7185907E-03,+281.4070322E-03
+752.0000E-06,+286.3065302E-03,+301.5075345E-03
+752.5000E-06,+282.5376861E-03,+301.5075345E-03
+753.0000E-06,+286.3065302E-03,+321.6080368E-03
+753.5000E-06,+306.4070325E-03,+341.7085391E-03
+754.0000E-06,+298.8693442E-03,+341.7085391E-03
+754.5000E-06,+286.3065302E-03,+358.0401972E-03
+755.0000E-06,+286.3065302E-03,+361.8090414E-03
+755.5000E-06,+306.4070325E-03,+361.8090414E-03
+756.0000E-06,+326.5075348E-03,+381.9095436E-03
+756.5000E-06,+306.4070325E-03,+402.0100459E-03
+757.0000E-06,+312.6884395E-03,+408.2914529E-03
+757.5000E-06,+308.9195953E-03,+422.1105482E-03
+758.0000E-06,+298.8693442E-03,+428.3919552E-03
+758.5000E-06,+306.4070325E-03,+444.7236133E-03
+759.0000E-06,+306.4070325E-03,+462.3115528E-03
+759.5000E-06,+288.8190930E-03,+464.8241156E-03
+760.0000E-06,+306.4070325E-03,+468.5929598E-03
+760.5000E-06,+306.4070325E-03,+498.7437133E-03
+761.0000E-06,+292.5879372E-03,+515.0753714E-03
+761.5000E-06,+302.6381884E-03,+522.6130597E-03
+762.0000E-06,+286.3065302E-03,+522.6130597E-03
+762.5000E-06,+288.8190930E-03,+542.7135620E-03
+763.0000E-06,+286.3065302E-03,+548.9949690E-03
+763.5000E-06,+306.4070325E-03,+545.2261248E-03
+764.0000E-06,+300.1256256E-03,+575.3768783E-03
+764.5000E-06,+286.3065302E-03,+585.4271294E-03
+765.0000E-06,+278.7688419E-03,+603.0150689E-03
+765.5000E-06,+268.7185907E-03,+619.3467270E-03
+766.0000E-06,+286.3065302E-03,+623.1155712E-03
+766.5000E-06,+286.3065302E-03,+645.7286363E-03
+767.0000E-06,+266.2060279E-03,+663.3165758E-03
+767.5000E-06,+266.2060279E-03,+663.3165758E-03
+768.0000E-06,+252.3869326E-03,+669.5979828E-03
+768.5000E-06,+246.1055256E-03,+683.4170781E-03
+769.0000E-06,+232.2864303E-03,+689.6984851E-03
+769.5000E-06,+248.6180884E-03,+703.5175804E-03
+770.0000E-06,+226.0050233E-03,+709.7989874E-03
+770.5000E-06,+228.5175861E-03,+706.0301432E-03
+771.0000E-06,+226.0050233E-03,+743.7185850E-03
+771.5000E-06,+226.0050233E-03,+743.7185850E-03
+772.0000E-06,+212.1859280E-03,+756.2813989E-03
+772.5000E-06,+222.2361792E-03,+763.8190873E-03
+773.0000E-06,+205.9045210E-03,+783.9195896E-03
+773.5000E-06,+205.9045210E-03,+804.0200919E-03
+774.0000E-06,+185.8040188E-03,+804.0200919E-03
+774.5000E-06,+185.8040188E-03,+824.1205942E-03
+775.0000E-06,+171.9849234E-03,+816.5829058E-03
+775.5000E-06,+182.0351746E-03,+844.2210965E-03
+776.0000E-06,+165.7035165E-03,+844.2210965E-03
+776.5000E-06,+128.0150746E-03,+844.2210965E-03
+777.0000E-06,+131.7839188E-03,+864.3215988E-03
+777.5000E-06,+121.7336677E-03,+880.6532569E-03
+778.0000E-06,+110.4271351E-03,+884.4221011E-03
+778.5000E-06,+121.7336677E-03,+884.4221011E-03
+779.0000E-06,+91.5829142E-03,+896.9849150E-03
+779.5000E-06,+87.8140701E-03,+900.7537592E-03
+780.0000E-06,+71.4824119E-03,+904.5226034E-03
+780.5000E-06,+87.8140701E-03,+924.6231057E-03
+781.0000E-06,+85.3015073E-03,+917.0854173E-03
+781.5000E-06,+65.2010050E-03,+924.6231057E-03
+782.0000E-06,+31.2814073E-03,+949.7487335E-03
+782.5000E-06,+25.0000004E-03,+947.2361708E-03
+783.0000E-06,+31.2814073E-03,+944.7236080E-03
+783.5000E-06,+41.3316585E-03,+964.8241103E-03
+784.0000E-06,+4.8994981E-03,+964.8241103E-03
+784.5000E-06,+4.8994981E-03,+984.9246126E-03
+785.0000E-06,-15.2010042E-03,+997.4874265E-03
+785.5000E-06,-35.3015065E-03,+1.0075376777E+00
+786.0000E-06,-47.8643205E-03,+1.0175879288E+00
+786.5000E-06,-51.6331646E-03,+1.0050251149E+00
+787.0000E-06,-75.5025111E-03,+1.0376884311E+00
+787.5000E-06,-75.5025111E-03,+1.0251256172E+00
+788.0000E-06,-95.6030134E-03,+1.0251256172E+00
+788.5000E-06,-98.1155762E-03,+1.0251256172E+00
+789.0000E-06,-115.7035157E-03,+1.0188442102E+00
+789.5000E-06,-115.7035157E-03,+1.0452261195E+00
+790.0000E-06,-128.2663296E-03,+1.0251256172E+00
+790.5000E-06,-155.9045203E-03,+1.0414572753E+00
+791.0000E-06,-176.0050226E-03,+1.0452261195E+00
+791.5000E-06,-172.2361784E-03,+1.0452261195E+00
+792.0000E-06,-196.1055249E-03,+1.0653266218E+00
+792.5000E-06,-216.2060272E-03,+1.0615577776E+00
+793.0000E-06,-216.2060272E-03,+1.0653266218E+00
+793.5000E-06,-238.8190923E-03,+1.0653266218E+00
+794.0000E-06,-242.5879365E-03,+1.0515075264E+00
+794.5000E-06,-252.6381876E-03,+1.0653266218E+00
+795.0000E-06,-270.2261271E-03,+1.0778894357E+00
+795.5000E-06,-296.6080364E-03,+1.0653266218E+00
+796.0000E-06,-309.1708503E-03,+1.0653266218E+00
+796.5000E-06,-312.9396945E-03,+1.0653266218E+00
+797.0000E-06,-322.9899456E-03,+1.0653266218E+00
+797.5000E-06,-316.7085387E-03,+1.0854271241E+00
+798.0000E-06,-336.8090410E-03,+1.0778894357E+00
+798.5000E-06,-356.9095433E-03,+1.0854271241E+00
+799.0000E-06,-369.4723572E-03,+1.0854271241E+00
+799.5000E-06,-379.5226084E-03,+1.0678391845E+00
+800.0000E-06,-377.0100456E-03,+1.0716080287E+00
+800.5000E-06,-419.7236130E-03,+1.0502512450E+00
+801.0000E-06,-457.4120548E-03,+1.0577889334E+00
+801.5000E-06,-419.7236130E-03,+1.0452261195E+00
+802.0000E-06,-437.3115525E-03,+1.0577889334E+00
+802.5000E-06,-439.8241153E-03,+1.0452261195E+00
+803.0000E-06,-462.4371803E-03,+1.0452261195E+00
+803.5000E-06,-473.7437129E-03,+1.0452261195E+00
+804.0000E-06,-490.0753710E-03,+1.0314070241E+00
+804.5000E-06,-497.6130594E-03,+1.0414572753E+00
+805.0000E-06,-530.2763756E-03,+1.0251256172E+00
+805.5000E-06,-520.2261244E-03,+1.0251256172E+00
+806.0000E-06,-544.0954709E-03,+1.0251256172E+00
+806.5000E-06,-557.9145662E-03,+1.0414572753E+00
+807.0000E-06,-570.4773802E-03,+1.0251256172E+00
+807.5000E-06,-574.2462244E-03,+1.0050251149E+00
+808.0000E-06,-590.5778825E-03,+1.0050251149E+00
+808.5000E-06,-598.1155708E-03,+1.0050251149E+00
+809.0000E-06,-604.3969778E-03,+978.6432056E-03
+809.5000E-06,-598.1155708E-03,+984.9246126E-03
+810.0000E-06,-611.9346662E-03,+971.1055172E-03
+810.5000E-06,-638.3165754E-03,+964.8241103E-03
+811.0000E-06,-658.4170777E-03,+957.2864219E-03
+811.5000E-06,-658.4170777E-03,+944.7236080E-03
+812.0000E-06,-664.6984847E-03,+957.2864219E-03
+812.5000E-06,-663.4422033E-03,+944.7236080E-03
+813.0000E-06,-684.7989870E-03,+924.6231057E-03
+813.5000E-06,-694.8492381E-03,+924.6231057E-03
+814.0000E-06,-691.0803940E-03,+924.6231057E-03
+814.5000E-06,-714.9497404E-03,+904.5226034E-03
+815.0000E-06,-718.7185846E-03,+904.5226034E-03
+815.5000E-06,-735.0502427E-03,+864.3215988E-03
+816.0000E-06,-724.9999916E-03,+870.6030058E-03
+816.5000E-06,-738.8190869E-03,+844.2210965E-03
+817.0000E-06,-738.8190869E-03,+864.3215988E-03
+817.5000E-06,-755.1507450E-03,+840.4522523E-03
+818.0000E-06,-758.9195892E-03,+830.4020012E-03
+818.5000E-06,-758.9195892E-03,+840.4522523E-03
+819.0000E-06,-758.9195892E-03,+824.1205942E-03
+819.5000E-06,-761.4321520E-03,+804.0200919E-03
+820.0000E-06,-779.0200915E-03,+804.0200919E-03
+820.5000E-06,-801.6331566E-03,+780.1507454E-03
+821.0000E-06,-791.5829055E-03,+783.9195896E-03
+821.5000E-06,-819.2210961E-03,+743.7185850E-03
+822.0000E-06,-819.2210961E-03,+743.7185850E-03
+822.5000E-06,-821.7336589E-03,+726.1306455E-03
+823.0000E-06,-831.7839100E-03,+709.7989874E-03
+823.5000E-06,-819.2210961E-03,+703.5175804E-03
+824.0000E-06,-825.5025031E-03,+703.5175804E-03
+824.5000E-06,-819.2210961E-03,+699.7487362E-03
+825.0000E-06,-819.2210961E-03,+683.4170781E-03
+825.5000E-06,-819.2210961E-03,+665.8291386E-03
+826.0000E-06,-851.8844123E-03,+663.3165758E-03
+826.5000E-06,-859.4221007E-03,+643.2160735E-03
+827.0000E-06,-859.4221007E-03,+623.1155712E-03
+827.5000E-06,-844.3467240E-03,+623.1155712E-03
+828.0000E-06,-845.6030054E-03,+603.0150689E-03
+828.5000E-06,-855.6532565E-03,+599.2462247E-03
+829.0000E-06,-845.6030054E-03,+589.1959736E-03
+829.5000E-06,-824.2462217E-03,+562.8140643E-03
+830.0000E-06,-845.6030054E-03,+542.7135620E-03
+830.5000E-06,-859.4221007E-03,+542.7135620E-03
+831.0000E-06,-859.4221007E-03,+528.8944667E-03
+831.5000E-06,-861.9346635E-03,+522.6130597E-03
+832.0000E-06,-859.4221007E-03,+502.5125574E-03
+832.5000E-06,-859.4221007E-03,+487.4371807E-03
+833.0000E-06,-859.4221007E-03,+482.4120551E-03
+833.5000E-06,-875.7537588E-03,+478.6432110E-03
+834.0000E-06,-859.4221007E-03,+462.3115528E-03
+834.5000E-06,-861.9346635E-03,+458.5427087E-03
+835.0000E-06,-859.4221007E-03,+434.6733622E-03
+835.5000E-06,-841.8341612E-03,+418.3417041E-03
+836.0000E-06,-839.3215984E-03,+402.0100459E-03
+836.5000E-06,-841.8341612E-03,+402.0100459E-03
+837.0000E-06,-851.8844123E-03,+381.9095436E-03
+837.5000E-06,-879.5226030E-03,+358.0401972E-03
+838.0000E-06,-833.0401914E-03,+327.8894437E-03
+838.5000E-06,-839.3215984E-03,+324.1205995E-03
+839.0000E-06,-811.6834078E-03,+321.6080368E-03
+839.5000E-06,-819.2210961E-03,+324.1205995E-03
+840.0000E-06,-819.2210961E-03,+307.7889414E-03
+840.5000E-06,-819.2210961E-03,+317.8391926E-03
+841.0000E-06,-819.2210961E-03,+267.5879368E-03
+841.5000E-06,-801.6331566E-03,+261.3065299E-03
+842.0000E-06,-805.4020008E-03,+241.2060276E-03
+842.5000E-06,-799.1205938E-03,+241.2060276E-03
+843.0000E-06,-791.5829055E-03,+241.2060276E-03
+843.5000E-06,-799.1205938E-03,+221.1055253E-03
+844.0000E-06,-779.0200915E-03,+221.1055253E-03
+844.5000E-06,-779.0200915E-03,+201.0050230E-03
+845.0000E-06,-779.0200915E-03,+201.0050230E-03
+845.5000E-06,-775.2512473E-03,+183.4170835E-03
+846.0000E-06,-758.9195892E-03,+187.1859276E-03
+846.5000E-06,-752.6381823E-03,+160.8040184E-03
+847.0000E-06,-745.1004939E-03,+146.9849230E-03
+847.5000E-06,-738.8190869E-03,+140.7035161E-03
+848.0000E-06,-724.9999916E-03,+120.6030138E-03
+848.5000E-06,-732.5376800E-03,+116.8341696E-03
+849.0000E-06,-718.7185846E-03,+100.5025115E-03
+849.5000E-06,-714.9497404E-03,+100.5025115E-03
+850.0000E-06,-704.8994893E-03,+106.7839185E-03
+850.5000E-06,-698.6180823E-03,+62.8140697E-03
+851.0000E-06,-684.7989870E-03,+66.5829139E-03
+851.5000E-06,-678.5175800E-03,+80.4020092E-03
+852.0000E-06,-658.4170777E-03,+46.4824116E-03
+852.5000E-06,-654.6482336E-03,+56.5326627E-03
+853.0000E-06,-638.3165754E-03,+40.2010046E-03
+853.5000E-06,-638.3165754E-03,+40.2010046E-03
+854.0000E-06,-624.4974801E-03,+20.1005023E-03
+854.5000E-06,-618.2160731E-03,+16.3316581E-03
+855.0000E-06,-598.1155708E-03,+6.2814070E-03
+855.5000E-06,-594.3467267E-03,+0.0E+00
+856.0000E-06,-584.2964755E-03,+0.0E+00
+856.5000E-06,-578.0150685E-03,-16.3316581E-03
+857.0000E-06,-557.9145662E-03,-26.3819093E-03
+857.5000E-06,-557.9145662E-03,-40.2010046E-03
+858.0000E-06,-544.0954709E-03,-26.3819093E-03
+858.5000E-06,-557.9145662E-03,-40.2010046E-03
+859.0000E-06,-530.2763756E-03,-52.7638185E-03
+859.5000E-06,-537.8140640E-03,-42.7135674E-03
+860.0000E-06,-523.9949686E-03,-60.3015069E-03
+860.5000E-06,-482.5376826E-03,-56.5326627E-03
+861.0000E-06,-503.8944663E-03,-80.4020092E-03
+861.5000E-06,-480.0251198E-03,-40.2010046E-03
+862.0000E-06,-477.5125571E-03,-66.5829139E-03
+862.5000E-06,-457.4120548E-03,-80.4020092E-03
+863.0000E-06,-443.5929594E-03,-72.8643208E-03
+863.5000E-06,-437.3115525E-03,-96.7336673E-03
+864.0000E-06,-437.3115525E-03,-100.5025115E-03
+864.5000E-06,-419.7236130E-03,-100.5025115E-03
+865.0000E-06,-410.9296432E-03,-100.5025115E-03
+865.5000E-06,-397.1105479E-03,-103.0150743E-03
+866.0000E-06,-383.2914525E-03,-100.5025115E-03
+866.5000E-06,-397.1105479E-03,-82.9145720E-03
+867.0000E-06,-383.2914525E-03,-100.5025115E-03
+867.5000E-06,-397.1105479E-03,-100.5025115E-03
+868.0000E-06,-363.1909502E-03,-113.0653254E-03
+868.5000E-06,-353.1406991E-03,-100.5025115E-03
+869.0000E-06,-336.8090410E-03,-100.5025115E-03
+869.5000E-06,-316.7085387E-03,-116.8341696E-03
+870.0000E-06,-302.8894434E-03,-100.5025115E-03
+870.5000E-06,-319.2211015E-03,-120.6030138E-03
+871.0000E-06,-296.6080364E-03,-113.0653254E-03
+871.5000E-06,-296.6080364E-03,-120.6030138E-03
+872.0000E-06,-296.6080364E-03,-120.6030138E-03
+872.5000E-06,-296.6080364E-03,-120.6030138E-03
+873.0000E-06,-256.4070318E-03,-113.0653254E-03
+873.5000E-06,-276.5075341E-03,-116.8341696E-03
+874.0000E-06,-256.4070318E-03,-100.5025115E-03
+874.5000E-06,-236.3065295E-03,-120.6030138E-03
+875.0000E-06,-242.5879365E-03,-120.6030138E-03
+875.5000E-06,-256.4070318E-03,-123.1155766E-03
+876.0000E-06,-236.3065295E-03,-120.6030138E-03
+876.5000E-06,-196.1055249E-03,-100.5025115E-03
+877.0000E-06,-209.9246202E-03,-113.0653254E-03
+877.5000E-06,-196.1055249E-03,-100.5025115E-03
+878.0000E-06,-176.0050226E-03,-113.0653254E-03
+878.5000E-06,-158.4170831E-03,-103.0150743E-03
+879.0000E-06,-168.4673342E-03,-92.9648231E-03
+879.5000E-06,-196.1055249E-03,-116.8341696E-03
+880.0000E-06,-176.0050226E-03,-100.5025115E-03
+880.5000E-06,-155.9045203E-03,-103.0150743E-03
+881.0000E-06,-155.9045203E-03,-100.5025115E-03
+881.5000E-06,-118.2160785E-03,-82.9145720E-03
+882.0000E-06,-128.2663296E-03,-80.4020092E-03
+882.5000E-06,-115.7035157E-03,-94.2211045E-03
+883.0000E-06,-101.8844204E-03,-80.4020092E-03
+883.5000E-06,-115.7035157E-03,-82.9145720E-03
+884.0000E-06,-101.8844204E-03,-92.9648231E-03
+884.5000E-06,-98.1155762E-03,-96.7336673E-03
+885.0000E-06,-95.6030134E-03,-80.4020092E-03
+885.5000E-06,-111.9346715E-03,-60.3015069E-03
+886.0000E-06,-100.6281390E-03,-60.3015069E-03
+886.5000E-06,-95.6030134E-03,-62.8140697E-03
+887.0000E-06,-88.0653250E-03,-60.3015069E-03
+887.5000E-06,-55.4020088E-03,-40.2010046E-03
+888.0000E-06,-81.7839181E-03,-40.2010046E-03
+888.5000E-06,-57.9145716E-03,-25.1256279E-03
+889.0000E-06,-61.6834158E-03,-46.4824116E-03
+889.5000E-06,-55.4020088E-03,-36.4321604E-03
+890.0000E-06,-47.8643205E-03,-26.3819093E-03
+890.5000E-06,-31.5326623E-03,-22.6130651E-03
+891.0000E-06,-27.7638182E-03,-20.1005023E-03
+891.5000E-06,-17.7135670E-03,-20.1005023E-03
+892.0000E-06,-35.3015065E-03,-12.5628139E-03
+892.5000E-06,-35.3015065E-03,-20.1005023E-03
+893.0000E-06,-35.3015065E-03,-6.2814070E-03
+893.5000E-06,-15.2010042E-03,+0.0E+00
+894.0000E-06,-35.3015065E-03,-6.2814070E-03
+894.5000E-06,-15.2010042E-03,+0.0E+00
+895.0000E-06,-7.6633159E-03,+20.1005023E-03
+895.5000E-06,-31.5326623E-03,+20.1005023E-03
+896.0000E-06,-40.3266321E-03,+5.0251256E-03
+896.5000E-06,-31.5326623E-03,+20.1005023E-03
+897.0000E-06,-15.2010042E-03,+20.1005023E-03
+897.5000E-06,-17.7135670E-03,+40.2010046E-03
+898.0000E-06,-7.6633159E-03,+40.2010046E-03
+898.5000E-06,-15.2010042E-03,+22.6130651E-03
+899.0000E-06,-7.6633159E-03,+40.2010046E-03
+899.5000E-06,+2.3869353E-03,+40.2010046E-03
+900.0000E-06,-15.2010042E-03,+40.2010046E-03
+900.5000E-06,+4.8994981E-03,+40.2010046E-03
+901.0000E-06,+4.8994981E-03,+46.4824116E-03
+901.5000E-06,-15.2010042E-03,+22.6130651E-03
+902.0000E-06,-15.2010042E-03,+40.2010046E-03
+902.5000E-06,-29.0200996E-03,+40.2010046E-03
+903.0000E-06,+4.8994981E-03,+46.4824116E-03
+903.5000E-06,+19.9748748E-03,+80.4020092E-03
+904.0000E-06,-15.2010042E-03,+66.5829139E-03
+904.5000E-06,-11.4321600E-03,+65.3266325E-03
+905.0000E-06,-1.3819089E-03,+92.9648231E-03
+905.5000E-06,-11.4321600E-03,+80.4020092E-03
+906.0000E-06,-15.2010042E-03,+66.5829139E-03
+906.5000E-06,-15.2010042E-03,+100.5025115E-03
+907.0000E-06,-7.6633159E-03,+100.5025115E-03
+907.5000E-06,+2.3869353E-03,+82.9145720E-03
+908.0000E-06,-15.2010042E-03,+86.6834162E-03
+908.5000E-06,+2.3869353E-03,+100.5025115E-03
+909.0000E-06,-1.3819089E-03,+100.5025115E-03
+909.5000E-06,-8.9195973E-03,+116.8341696E-03
+910.0000E-06,+4.8994981E-03,+100.5025115E-03
+910.5000E-06,+2.3869353E-03,+114.3216068E-03
+911.0000E-06,+4.8994981E-03,+113.0653254E-03
+911.5000E-06,+2.3869353E-03,+100.5025115E-03
+912.0000E-06,+4.8994981E-03,+113.0653254E-03
+912.5000E-06,-11.4321600E-03,+116.8341696E-03
+913.0000E-06,-27.7638182E-03,+120.6030138E-03
+913.5000E-06,-15.2010042E-03,+120.6030138E-03
+914.0000E-06,-15.2010042E-03,+100.5025115E-03
+914.5000E-06,-15.2010042E-03,+120.6030138E-03
+915.0000E-06,-15.2010042E-03,+120.6030138E-03
+915.5000E-06,-17.7135670E-03,+123.1155766E-03
+916.0000E-06,-21.4824112E-03,+126.8844208E-03
+916.5000E-06,-15.2010042E-03,+103.0150743E-03
+917.0000E-06,-15.2010042E-03,+126.8844208E-03
+917.5000E-06,-35.3015065E-03,+136.9346719E-03
+918.0000E-06,-41.5829135E-03,+140.7035161E-03
+918.5000E-06,-35.3015065E-03,+136.9346719E-03
+919.0000E-06,-35.3015065E-03,+140.7035161E-03
+919.5000E-06,-40.3266321E-03,+136.9346719E-03
+920.0000E-06,-15.2010042E-03,+140.7035161E-03
+920.5000E-06,-35.3015065E-03,+140.7035161E-03
+921.0000E-06,-41.5829135E-03,+140.7035161E-03
+921.5000E-06,-35.3015065E-03,+136.9346719E-03
+922.0000E-06,-35.3015065E-03,+133.1658277E-03
+922.5000E-06,-35.3015065E-03,+140.7035161E-03
+923.0000E-06,-55.4020088E-03,+126.8844208E-03
+923.5000E-06,-35.3015065E-03,+140.7035161E-03
+924.0000E-06,-41.5829135E-03,+140.7035161E-03
+924.5000E-06,-55.4020088E-03,+123.1155766E-03
+925.0000E-06,-75.5025111E-03,+126.8844208E-03
+925.5000E-06,-40.3266321E-03,+140.7035161E-03
+926.0000E-06,-47.8643205E-03,+153.2663300E-03
+926.5000E-06,-71.7336669E-03,+140.7035161E-03
+927.0000E-06,-41.5829135E-03,+140.7035161E-03
+927.5000E-06,-57.9145716E-03,+136.9346719E-03
+928.0000E-06,-55.4020088E-03,+140.7035161E-03
+928.5000E-06,-75.5025111E-03,+143.2160789E-03
+929.0000E-06,-67.9648228E-03,+140.7035161E-03
+929.5000E-06,-75.5025111E-03,+143.2160789E-03
+930.0000E-06,-61.6834158E-03,+153.2663300E-03
+930.5000E-06,-78.0150739E-03,+120.6030138E-03
+931.0000E-06,-67.9648228E-03,+140.7035161E-03
+931.5000E-06,-75.5025111E-03,+140.7035161E-03
+932.0000E-06,-95.6030134E-03,+133.1658277E-03
+932.5000E-06,-71.7336669E-03,+120.6030138E-03
+933.0000E-06,-75.5025111E-03,+120.6030138E-03
+933.5000E-06,-89.3216064E-03,+120.6030138E-03
+934.0000E-06,-81.7839181E-03,+126.8844208E-03
+934.5000E-06,-75.5025111E-03,+120.6030138E-03
+935.0000E-06,-95.6030134E-03,+100.5025115E-03
+935.5000E-06,-57.9145716E-03,+120.6030138E-03
+936.0000E-06,-88.0653250E-03,+92.9648231E-03
+936.5000E-06,-75.5025111E-03,+100.5025115E-03
+937.0000E-06,-81.7839181E-03,+106.7839185E-03
+937.5000E-06,-98.1155762E-03,+100.5025115E-03
+938.0000E-06,-88.0653250E-03,+100.5025115E-03
+938.5000E-06,-75.5025111E-03,+82.9145720E-03
+939.0000E-06,-100.6281390E-03,+86.6834162E-03
+939.5000E-06,-78.0150739E-03,+100.5025115E-03
+940.0000E-06,-95.6030134E-03,+86.6834162E-03
+940.5000E-06,-95.6030134E-03,+100.5025115E-03
+941.0000E-06,-88.0653250E-03,+92.9648231E-03
+941.5000E-06,-98.1155762E-03,+80.4020092E-03
+942.0000E-06,-108.1658273E-03,+80.4020092E-03
+942.5000E-06,-95.6030134E-03,+80.4020092E-03
+943.0000E-06,-100.6281390E-03,+86.6834162E-03
+943.5000E-06,-91.8341692E-03,+62.8140697E-03
+944.0000E-06,-88.0653250E-03,+92.9648231E-03
+944.5000E-06,-78.0150739E-03,+80.4020092E-03
+945.0000E-06,-81.7839181E-03,+72.8643208E-03
+945.5000E-06,-78.0150739E-03,+80.4020092E-03
+946.0000E-06,-81.7839181E-03,+80.4020092E-03
+946.5000E-06,-78.0150739E-03,+100.5025115E-03
+947.0000E-06,-88.0653250E-03,+60.3015069E-03
+947.5000E-06,-95.6030134E-03,+60.3015069E-03
+948.0000E-06,-81.7839181E-03,+60.3015069E-03
+948.5000E-06,-75.5025111E-03,+60.3015069E-03
+949.0000E-06,-95.6030134E-03,+52.7638185E-03
+949.5000E-06,-91.8341692E-03,+42.7135674E-03
+950.0000E-06,-95.6030134E-03,+52.7638185E-03
+950.5000E-06,-57.9145716E-03,+40.2010046E-03
+951.0000E-06,-75.5025111E-03,+52.7638185E-03
+951.5000E-06,-75.5025111E-03,+56.5326627E-03
+952.0000E-06,-55.4020088E-03,+40.2010046E-03
+952.5000E-06,-75.5025111E-03,+40.2010046E-03
+953.0000E-06,-55.4020088E-03,+40.2010046E-03
+953.5000E-06,-57.9145716E-03,+20.1005023E-03
+954.0000E-06,-75.5025111E-03,+20.1005023E-03
+954.5000E-06,-71.7336669E-03,+25.1256279E-03
+955.0000E-06,-75.5025111E-03,+20.1005023E-03
+955.5000E-06,-75.5025111E-03,+36.4321604E-03
+956.0000E-06,-75.5025111E-03,+26.3819093E-03
+956.5000E-06,-75.5025111E-03,+16.3316581E-03
+957.0000E-06,-61.6834158E-03,+20.1005023E-03
+957.5000E-06,-51.6331646E-03,+20.1005023E-03
+958.0000E-06,-61.6834158E-03,+20.1005023E-03
+958.5000E-06,-57.9145716E-03,+20.1005023E-03
+959.0000E-06,-55.4020088E-03,+12.5628139E-03
+959.5000E-06,-55.4020088E-03,+0.0E+00
+960.0000E-06,-55.4020088E-03,+6.2814070E-03
+960.5000E-06,-35.3015065E-03,+16.3316581E-03
+961.0000E-06,-27.7638182E-03,+0.0E+00
+961.5000E-06,-35.3015065E-03,+2.5125628E-03
+962.0000E-06,-35.3015065E-03,+0.0E+00
+962.5000E-06,-35.3015065E-03,-20.1005023E-03
+963.0000E-06,-27.7638182E-03,-13.8190953E-03
+963.5000E-06,-55.4020088E-03,-2.5125628E-03
+964.0000E-06,-35.3015065E-03,-20.1005023E-03
+964.5000E-06,-51.6331646E-03,-20.1005023E-03
+965.0000E-06,-35.3015065E-03,-32.6633162E-03
+965.5000E-06,-35.3015065E-03,-20.1005023E-03
+966.0000E-06,-47.8643205E-03,-20.1005023E-03
+966.5000E-06,-15.2010042E-03,-2.5125628E-03
+967.0000E-06,-15.2010042E-03,-20.1005023E-03
+967.5000E-06,-35.3015065E-03,-20.1005023E-03
+968.0000E-06,-35.3015065E-03,-20.1005023E-03
+968.5000E-06,-31.5326623E-03,-16.3316581E-03
+969.0000E-06,-20.2261298E-03,-32.6633162E-03
+969.5000E-06,+2.3869353E-03,-20.1005023E-03
+970.0000E-06,-7.6633159E-03,-32.6633162E-03
+970.5000E-06,-11.4321600E-03,-36.4321604E-03
+971.0000E-06,-7.6633159E-03,-20.1005023E-03
+971.5000E-06,-15.2010042E-03,-20.1005023E-03
+972.0000E-06,-21.4824112E-03,-20.1005023E-03
+972.5000E-06,-11.4321600E-03,-54.0200999E-03
+973.0000E-06,-1.3819089E-03,-20.1005023E-03
+973.5000E-06,-11.4321600E-03,-20.1005023E-03
+974.0000E-06,+4.8994981E-03,-12.5628139E-03
+974.5000E-06,+4.8994981E-03,-40.2010046E-03
+975.0000E-06,+4.8994981E-03,-26.3819093E-03
+975.5000E-06,+8.6683423E-03,-40.2010046E-03
+976.0000E-06,+25.0000004E-03,-32.6633162E-03
+976.5000E-06,+4.8994981E-03,-36.4321604E-03
+977.0000E-06,+4.8994981E-03,-52.7638185E-03
+977.5000E-06,-11.4321600E-03,-40.2010046E-03
+978.0000E-06,+18.7185934E-03,-40.2010046E-03
+978.5000E-06,+22.4874376E-03,-40.2010046E-03
+979.0000E-06,+25.0000004E-03,-32.6633162E-03
+979.5000E-06,+25.0000004E-03,-40.2010046E-03
+980.0000E-06,+25.0000004E-03,-40.2010046E-03
+980.5000E-06,+41.3316585E-03,-40.2010046E-03
+981.0000E-06,+25.0000004E-03,-40.2010046E-03
+981.5000E-06,+25.0000004E-03,-22.6130651E-03
+982.0000E-06,+25.0000004E-03,-32.6633162E-03
+982.5000E-06,+25.0000004E-03,-40.2010046E-03
+983.0000E-06,+31.2814073E-03,-40.2010046E-03
+983.5000E-06,+61.4321608E-03,-42.7135674E-03
+984.0000E-06,+45.1005027E-03,-40.2010046E-03
+984.5000E-06,+45.1005027E-03,-40.2010046E-03
+985.0000E-06,+45.1005027E-03,-26.3819093E-03
+985.5000E-06,+27.5125632E-03,-40.2010046E-03
+986.0000E-06,+45.1005027E-03,-40.2010046E-03
+986.5000E-06,+25.0000004E-03,-20.1005023E-03
+987.0000E-06,+37.5628143E-03,-26.3819093E-03
+987.5000E-06,+47.6130655E-03,-40.2010046E-03
+988.0000E-06,+45.1005027E-03,-40.2010046E-03
+988.5000E-06,+27.5125632E-03,-22.6130651E-03
+989.0000E-06,+51.3819096E-03,-32.6633162E-03
+989.5000E-06,+45.1005027E-03,-36.4321604E-03
+990.0000E-06,+65.2010050E-03,-26.3819093E-03
+990.5000E-06,+67.7135678E-03,-40.2010046E-03
+991.0000E-06,+65.2010050E-03,-20.1005023E-03
+991.5000E-06,+45.1005027E-03,-40.2010046E-03
+992.0000E-06,+45.1005027E-03,-26.3819093E-03
+992.5000E-06,+81.5326631E-03,-22.6130651E-03
+993.0000E-06,+65.2010050E-03,-20.1005023E-03
+993.5000E-06,+61.4321608E-03,-36.4321604E-03
+994.0000E-06,+45.1005027E-03,-26.3819093E-03
+994.5000E-06,+65.2010050E-03,-36.4321604E-03
+995.0000E-06,+45.1005027E-03,-20.1005023E-03
+995.5000E-06,+65.2010050E-03,-40.2010046E-03
+996.0000E-06,+65.2010050E-03,-20.1005023E-03
+996.5000E-06,+61.4321608E-03,-22.6130651E-03
+997.0000E-06,+70.2261305E-03,-26.3819093E-03
+997.5000E-06,+81.5326631E-03,-40.2010046E-03
+998.0000E-06,+51.3819096E-03,-20.1005023E-03
+998.5000E-06,+61.4321608E-03,+0.0E+00
+999.0000E-06,+45.1005027E-03,-20.1005023E-03
+999.5000E-06,+65.2010050E-03,-36.4321604E-03
+1.0000000E-03,+51.3819096E-03,+0.0E+00
+1.0005000E-03,+45.1005027E-03,-20.1005023E-03
+1.0010000E-03,+51.3819096E-03,-12.5628139E-03
+1.0015000E-03,+79.0201003E-03,-20.1005023E-03
+1.0020000E-03,+65.2010050E-03,+0.0E+00
+1.0025000E-03,+61.4321608E-03,-2.5125628E-03
+1.0030000E-03,+71.4824119E-03,+0.0E+00
+1.0035000E-03,+65.2010050E-03,-20.1005023E-03
+1.0040000E-03,+51.3819096E-03,-20.1005023E-03
+1.0045000E-03,+61.4321608E-03,-20.1005023E-03
+1.0050000E-03,+45.1005027E-03,-20.1005023E-03
+1.0055000E-03,+47.6130655E-03,-2.5125628E-03
+1.0060000E-03,+37.5628143E-03,-12.5628139E-03
+1.0065000E-03,+27.5125632E-03,-20.1005023E-03
+1.0070000E-03,+45.1005027E-03,-6.2814070E-03
+1.0075000E-03,+45.1005027E-03,+0.0E+00
+1.0080000E-03,+45.1005027E-03,+0.0E+00
+1.0085000E-03,+41.3316585E-03,-16.3316581E-03
+1.0090000E-03,+37.5628143E-03,-20.1005023E-03
+1.0095000E-03,+61.4321608E-03,-2.5125628E-03
+1.0100000E-03,+65.2010050E-03,-20.1005023E-03
+1.0105000E-03,+41.3316585E-03,-16.3316581E-03
+1.0110000E-03,+45.1005027E-03,-12.5628139E-03
+1.0115000E-03,+47.6130655E-03,-36.4321604E-03
+1.0120000E-03,+45.1005027E-03,-12.5628139E-03
+1.0125000E-03,+27.5125632E-03,-20.1005023E-03
+1.0130000E-03,+25.0000004E-03,-20.1005023E-03
+1.0135000E-03,+41.3316585E-03,-40.2010046E-03
+1.0140000E-03,+31.2814073E-03,-20.1005023E-03
+1.0145000E-03,+25.0000004E-03,-20.1005023E-03
+1.0150000E-03,+25.0000004E-03,+0.0E+00
+1.0155000E-03,+8.6683423E-03,+0.0E+00
+1.0160000E-03,+12.4371864E-03,+0.0E+00
+1.0165000E-03,+4.8994981E-03,+0.0E+00
+1.0170000E-03,+25.0000004E-03,+0.0E+00
+1.0175000E-03,+8.6683423E-03,+16.3316581E-03
+1.0180000E-03,+25.0000004E-03,+0.0E+00
+1.0185000E-03,+27.5125632E-03,-16.3316581E-03
+1.0190000E-03,+25.0000004E-03,-12.5628139E-03
+1.0195000E-03,+4.8994981E-03,+0.0E+00
+1.0200000E-03,+18.7185934E-03,+6.2814070E-03
+1.0205000E-03,+8.6683423E-03,+16.3316581E-03
+1.0210000E-03,+4.8994981E-03,+0.0E+00
+1.0215000E-03,+25.0000004E-03,+0.0E+00
+1.0220000E-03,+25.0000004E-03,+0.0E+00
+1.0225000E-03,+8.6683423E-03,-20.1005023E-03
+1.0230000E-03,-1.3819089E-03,-12.5628139E-03
+1.0235000E-03,-11.4321600E-03,-16.3316581E-03
+1.0240000E-03,+4.8994981E-03,+0.0E+00
+1.0245000E-03,+4.8994981E-03,+2.5125628E-03
+1.0250000E-03,-15.2010042E-03,-12.5628139E-03
+1.0255000E-03,+4.8994981E-03,-2.5125628E-03
+1.0260000E-03,-1.3819089E-03,-6.2814070E-03
+1.0265000E-03,+4.8994981E-03,-20.1005023E-03
+1.0270000E-03,+4.8994981E-03,+0.0E+00
+1.0275000E-03,-11.4321600E-03,-16.3316581E-03
+1.0280000E-03,-15.2010042E-03,+0.0E+00
+1.0285000E-03,-15.2010042E-03,-20.1005023E-03
+1.0290000E-03,-35.3015065E-03,+0.0E+00
+1.0295000E-03,-31.5326623E-03,+0.0E+00
+1.0300000E-03,-15.2010042E-03,+0.0E+00
+1.0305000E-03,-31.5326623E-03,-20.1005023E-03
+1.0310000E-03,-35.3015065E-03,-6.2814070E-03
+1.0315000E-03,-31.5326623E-03,-20.1005023E-03
+1.0320000E-03,-15.2010042E-03,-20.1005023E-03
+1.0325000E-03,+4.8994981E-03,-20.1005023E-03
+1.0330000E-03,-7.6633159E-03,-20.1005023E-03
+1.0335000E-03,-125.6275E-06,-20.1005023E-03
+1.0340000E-03,-27.7638182E-03,-33.9195976E-03
+1.0345000E-03,-15.2010042E-03,-20.1005023E-03
+1.0350000E-03,-27.7638182E-03,-12.5628139E-03
+1.0355000E-03,-55.4020088E-03,-20.1005023E-03
+1.0360000E-03,-35.3015065E-03,-20.1005023E-03
+1.0365000E-03,-49.1206018E-03,-20.1005023E-03
+1.0370000E-03,-47.8643205E-03,-20.1005023E-03
+1.0375000E-03,-51.6331646E-03,-36.4321604E-03
+1.0380000E-03,-41.5829135E-03,-32.6633162E-03
+1.0385000E-03,-35.3015065E-03,-20.1005023E-03
+1.0390000E-03,-49.1206018E-03,-40.2010046E-03
+1.0395000E-03,-37.8140693E-03,-36.4321604E-03
+1.0400000E-03,-47.8643205E-03,-26.3819093E-03
+1.0405000E-03,-51.6331646E-03,-20.1005023E-03
+1.0410000E-03,-35.3015065E-03,-40.2010046E-03
+1.0415000E-03,-55.4020088E-03,-22.6130651E-03
+1.0420000E-03,-55.4020088E-03,-20.1005023E-03
+1.0425000E-03,-35.3015065E-03,-20.1005023E-03
+1.0430000E-03,-41.5829135E-03,-12.5628139E-03
+1.0435000E-03,-69.2211041E-03,-22.6130651E-03
+1.0440000E-03,-55.4020088E-03,-32.6633162E-03
+1.0445000E-03,-35.3015065E-03,-36.4321604E-03
+1.0450000E-03,-41.5829135E-03,-40.2010046E-03
+1.0455000E-03,-40.3266321E-03,-36.4321604E-03
+1.0460000E-03,-41.5829135E-03,-32.6633162E-03
+1.0465000E-03,-49.1206018E-03,-42.7135674E-03
+1.0470000E-03,-35.3015065E-03,-52.7638185E-03
+1.0475000E-03,-35.3015065E-03,-42.7135674E-03
+1.0480000E-03,-55.4020088E-03,-60.3015069E-03
+1.0485000E-03,-37.8140693E-03,-25.1256279E-03
+1.0490000E-03,-35.3015065E-03,-65.3266325E-03
+1.0495000E-03,-20.2261298E-03,-42.7135674E-03
+1.0500000E-03,-49.1206018E-03,-60.3015069E-03
+1.0505000E-03,-55.4020088E-03,-76.6331650E-03
+1.0510000E-03,-55.4020088E-03,-60.3015069E-03
+1.0515000E-03,-51.6331646E-03,-60.3015069E-03
+1.0520000E-03,-47.8643205E-03,-52.7638185E-03
+1.0525000E-03,-51.6331646E-03,-76.6331650E-03
+1.0530000E-03,-35.3015065E-03,-46.4824116E-03
+1.0535000E-03,-31.5326623E-03,-60.3015069E-03
+1.0540000E-03,-21.4824112E-03,-60.3015069E-03
+1.0545000E-03,-17.7135670E-03,-40.2010046E-03
+1.0550000E-03,-40.3266321E-03,-65.3266325E-03
+1.0555000E-03,-35.3015065E-03,-40.2010046E-03
+1.0560000E-03,-21.4824112E-03,-52.7638185E-03
+1.0565000E-03,-37.8140693E-03,-60.3015069E-03
+1.0570000E-03,-41.5829135E-03,-72.8643208E-03
+1.0575000E-03,-51.6331646E-03,-80.4020092E-03
+1.0580000E-03,-35.3015065E-03,-66.5829139E-03
+1.0585000E-03,-51.6331646E-03,-62.8140697E-03
+1.0590000E-03,-41.5829135E-03,-60.3015069E-03
+1.0595000E-03,-37.8140693E-03,-80.4020092E-03
+1.0600000E-03,-35.3015065E-03,-72.8643208E-03
+1.0605000E-03,-51.6331646E-03,-60.3015069E-03
+1.0610000E-03,-47.8643205E-03,-40.2010046E-03
+1.0615000E-03,-37.8140693E-03,-40.2010046E-03
+1.0620000E-03,-35.3015065E-03,-60.3015069E-03
+1.0625000E-03,-35.3015065E-03,-60.3015069E-03
+1.0630000E-03,-35.3015065E-03,-60.3015069E-03
+1.0635000E-03,-35.3015065E-03,-60.3015069E-03
+1.0640000E-03,-35.3015065E-03,-65.3266325E-03
+1.0645000E-03,-35.3015065E-03,-45.2261302E-03
+1.0650000E-03,-35.3015065E-03,-60.3015069E-03
+1.0655000E-03,-35.3015065E-03,-60.3015069E-03
+1.0660000E-03,-21.4824112E-03,-80.4020092E-03
+1.0665000E-03,-31.5326623E-03,-60.3015069E-03
+1.0670000E-03,-21.4824112E-03,-66.5829139E-03
+1.0675000E-03,-15.2010042E-03,-80.4020092E-03
+1.0680000E-03,-15.2010042E-03,-72.8643208E-03
+1.0685000E-03,-31.5326623E-03,-76.6331650E-03
+1.0690000E-03,-15.2010042E-03,-66.5829139E-03
+1.0695000E-03,-31.5326623E-03,-62.8140697E-03
+1.0700000E-03,-21.4824112E-03,-60.3015069E-03
+1.0705000E-03,-15.2010042E-03,-60.3015069E-03
+1.0710000E-03,-27.7638182E-03,-60.3015069E-03
+1.0715000E-03,-31.5326623E-03,-60.3015069E-03
+1.0720000E-03,-15.2010042E-03,-46.4824116E-03
+1.0725000E-03,-15.2010042E-03,-62.8140697E-03
+1.0730000E-03,-21.4824112E-03,-86.6834162E-03
+1.0735000E-03,-15.2010042E-03,-45.2261302E-03
+1.0740000E-03,-35.3015065E-03,-66.5829139E-03
+1.0745000E-03,-15.2010042E-03,-80.4020092E-03
+1.0750000E-03,-27.7638182E-03,-80.4020092E-03
+1.0755000E-03,-17.7135670E-03,-76.6331650E-03
+1.0760000E-03,-21.4824112E-03,-72.8643208E-03
+1.0765000E-03,-35.3015065E-03,-42.7135674E-03
+1.0770000E-03,-15.2010042E-03,-60.3015069E-03
+1.0775000E-03,-15.2010042E-03,-60.3015069E-03
+1.0780000E-03,-21.4824112E-03,-60.3015069E-03
+1.0785000E-03,-31.5326623E-03,-60.3015069E-03
+1.0790000E-03,-27.7638182E-03,-52.7638185E-03
+1.0795000E-03,-31.5326623E-03,-40.2010046E-03
+1.0800000E-03,-21.4824112E-03,-46.4824116E-03
+1.0805000E-03,-31.5326623E-03,-56.5326627E-03
+1.0810000E-03,-15.2010042E-03,-60.3015069E-03
+1.0815000E-03,+2.3869353E-03,-42.7135674E-03
+1.0820000E-03,-15.2010042E-03,-52.7638185E-03
+1.0825000E-03,+2.3869353E-03,-56.5326627E-03
+1.0830000E-03,-125.6275E-06,-40.2010046E-03
+1.0835000E-03,+4.8994981E-03,-40.2010046E-03
+1.0840000E-03,-125.6275E-06,-52.7638185E-03
+1.0845000E-03,-15.2010042E-03,-60.3015069E-03
+1.0850000E-03,-15.2010042E-03,-60.3015069E-03
+1.0855000E-03,+2.3869353E-03,-56.5326627E-03
+1.0860000E-03,+4.8994981E-03,-46.4824116E-03
+1.0865000E-03,+4.8994981E-03,-56.5326627E-03
+1.0870000E-03,+12.4371864E-03,-52.7638185E-03
+1.0875000E-03,-8.9195973E-03,-56.5326627E-03
+1.0880000E-03,-7.6633159E-03,-60.3015069E-03
+1.0885000E-03,-15.2010042E-03,-42.7135674E-03
+1.0890000E-03,-15.2010042E-03,-40.2010046E-03
+1.0895000E-03,-31.5326623E-03,-60.3015069E-03
+1.0900000E-03,-27.7638182E-03,-60.3015069E-03
+1.0905000E-03,-15.2010042E-03,-56.5326627E-03
+1.0910000E-03,+4.8994981E-03,-72.8643208E-03
+1.0915000E-03,-15.2010042E-03,-60.3015069E-03
+1.0920000E-03,-1.3819089E-03,-52.7638185E-03
+1.0925000E-03,-15.2010042E-03,-56.5326627E-03
+1.0930000E-03,-7.6633159E-03,-40.2010046E-03
+1.0935000E-03,-15.2010042E-03,-40.2010046E-03
+1.0940000E-03,-7.6633159E-03,-40.2010046E-03
+1.0945000E-03,-31.5326623E-03,-36.4321604E-03
+1.0950000E-03,-1.3819089E-03,-45.2261302E-03
+1.0955000E-03,-15.2010042E-03,-40.2010046E-03
+1.0960000E-03,-27.7638182E-03,-32.6633162E-03
+1.0965000E-03,-31.5326623E-03,-36.4321604E-03
+1.0970000E-03,-21.4824112E-03,-40.2010046E-03
+1.0975000E-03,-11.4321600E-03,-36.4321604E-03
+1.0980000E-03,-15.2010042E-03,-40.2010046E-03
+1.0985000E-03,-15.2010042E-03,-40.2010046E-03
+1.0990000E-03,-15.2010042E-03,-33.9195976E-03
+1.0995000E-03,-15.2010042E-03,-54.0200999E-03
+1.1000000E-03,-7.6633159E-03,-40.2010046E-03
+1.1005000E-03,-15.2010042E-03,-40.2010046E-03
+1.1010000E-03,-1.3819089E-03,-40.2010046E-03
+1.1015000E-03,+4.8994981E-03,-40.2010046E-03
+1.1020000E-03,-15.2010042E-03,-20.1005023E-03
+1.1025000E-03,-125.6275E-06,-40.2010046E-03
+1.1030000E-03,-15.2010042E-03,-46.4824116E-03
+1.1035000E-03,-15.2010042E-03,-40.2010046E-03
+1.1040000E-03,-27.7638182E-03,-26.3819093E-03
+1.1045000E-03,-31.5326623E-03,-40.2010046E-03
+1.1050000E-03,-15.2010042E-03,-26.3819093E-03
+1.1055000E-03,-17.7135670E-03,-20.1005023E-03
+1.1060000E-03,-15.2010042E-03,-20.1005023E-03
+1.1065000E-03,-15.2010042E-03,-20.1005023E-03
+1.1070000E-03,-21.4824112E-03,-20.1005023E-03
+1.1075000E-03,-15.2010042E-03,-40.2010046E-03
+1.1080000E-03,-7.6633159E-03,-20.1005023E-03
+1.1085000E-03,-15.2010042E-03,-20.1005023E-03
+1.1090000E-03,-27.7638182E-03,-40.2010046E-03
+1.1095000E-03,-17.7135670E-03,-20.1005023E-03
+1.1100000E-03,-41.5829135E-03,-32.6633162E-03
+1.1105000E-03,-31.5326623E-03,-20.1005023E-03
+1.1110000E-03,-27.7638182E-03,-20.1005023E-03
+1.1115000E-03,-31.5326623E-03,-20.1005023E-03
+1.1120000E-03,-21.4824112E-03,-20.1005023E-03
+1.1125000E-03,-17.7135670E-03,-40.2010046E-03
+1.1130000E-03,-47.8643205E-03,-20.1005023E-03
+1.1135000E-03,-35.3015065E-03,-20.1005023E-03
+1.1140000E-03,-35.3015065E-03,-20.1005023E-03
+1.1145000E-03,-31.5326623E-03,-22.6130651E-03
+1.1150000E-03,-29.0200996E-03,-40.2010046E-03
+1.1155000E-03,-15.2010042E-03,-22.6130651E-03
+1.1160000E-03,-27.7638182E-03,-40.2010046E-03
+1.1165000E-03,-69.2211041E-03,-36.4321604E-03
+1.1170000E-03,-41.5829135E-03,-40.2010046E-03
+1.1175000E-03,-40.3266321E-03,-40.2010046E-03
+1.1180000E-03,-35.3015065E-03,-26.3819093E-03
+1.1185000E-03,-35.3015065E-03,-20.1005023E-03
+1.1190000E-03,-35.3015065E-03,-6.2814070E-03
+1.1195000E-03,-17.7135670E-03,-33.9195976E-03
+1.1200000E-03,-27.7638182E-03,-40.2010046E-03
+1.1205000E-03,-37.8140693E-03,-36.4321604E-03
+1.1210000E-03,-35.3015065E-03,-32.6633162E-03
+1.1215000E-03,-55.4020088E-03,-20.1005023E-03
+1.1220000E-03,-47.8643205E-03,-20.1005023E-03
+1.1225000E-03,-55.4020088E-03,-20.1005023E-03
+1.1230000E-03,-61.6834158E-03,-20.1005023E-03
+1.1235000E-03,-75.5025111E-03,-40.2010046E-03
+1.1240000E-03,-55.4020088E-03,-26.3819093E-03
+1.1245000E-03,-37.8140693E-03,-20.1005023E-03
+1.1250000E-03,-47.8643205E-03,-12.5628139E-03
+1.1255000E-03,-57.9145716E-03,-20.1005023E-03
+1.1260000E-03,-55.4020088E-03,-32.6633162E-03
+1.1265000E-03,-55.4020088E-03,-20.1005023E-03
+1.1270000E-03,-55.4020088E-03,-20.1005023E-03
+1.1275000E-03,-35.3015065E-03,-20.1005023E-03
+1.1280000E-03,-47.8643205E-03,-12.5628139E-03
+1.1285000E-03,-55.4020088E-03,-40.2010046E-03
+1.1290000E-03,-55.4020088E-03,-20.1005023E-03
+1.1295000E-03,-55.4020088E-03,-2.5125628E-03
+1.1300000E-03,-55.4020088E-03,-12.5628139E-03
+1.1305000E-03,-55.4020088E-03,-22.6130651E-03
+1.1310000E-03,-41.5829135E-03,-40.2010046E-03
+1.1315000E-03,-37.8140693E-03,-22.6130651E-03
+1.1320000E-03,-35.3015065E-03,-26.3819093E-03
+1.1325000E-03,-55.4020088E-03,-22.6130651E-03
+1.1330000E-03,-55.4020088E-03,-32.6633162E-03
+1.1335000E-03,-55.4020088E-03,-33.9195976E-03
+1.1340000E-03,-61.6834158E-03,-20.1005023E-03
+1.1345000E-03,-75.5025111E-03,-20.1005023E-03
+1.1350000E-03,-55.4020088E-03,-20.1005023E-03
+1.1355000E-03,-78.0150739E-03,-36.4321604E-03
+1.1360000E-03,-67.9648228E-03,-40.2010046E-03
+1.1365000E-03,-75.5025111E-03,-36.4321604E-03
+1.1370000E-03,-67.9648228E-03,-40.2010046E-03
+1.1375000E-03,-55.4020088E-03,-40.2010046E-03
+1.1380000E-03,-67.9648228E-03,-40.2010046E-03
+1.1385000E-03,-55.4020088E-03,-22.6130651E-03
+1.1390000E-03,-41.5829135E-03,-40.2010046E-03
+1.1395000E-03,-55.4020088E-03,-42.7135674E-03
+1.1400000E-03,-61.6834158E-03,-40.2010046E-03
+1.1405000E-03,-55.4020088E-03,-22.6130651E-03
+1.1410000E-03,-55.4020088E-03,-20.1005023E-03
+1.1415000E-03,-75.5025111E-03,-22.6130651E-03
+1.1420000E-03,-67.9648228E-03,-20.1005023E-03
+1.1425000E-03,-75.5025111E-03,-36.4321604E-03
+1.1430000E-03,-100.6281390E-03,-32.6633162E-03
+1.1435000E-03,-78.0150739E-03,-40.2010046E-03
+1.1440000E-03,-88.0653250E-03,-46.4824116E-03
+1.1445000E-03,-71.7336669E-03,-42.7135674E-03
+1.1450000E-03,-80.5276367E-03,-40.2010046E-03
+1.1455000E-03,-55.4020088E-03,-22.6130651E-03
+1.1460000E-03,-61.6834158E-03,-52.7638185E-03
+1.1465000E-03,-55.4020088E-03,-40.2010046E-03
+1.1470000E-03,-61.6834158E-03,-26.3819093E-03
+1.1475000E-03,-57.9145716E-03,-36.4321604E-03
+1.1480000E-03,-75.5025111E-03,-40.2010046E-03
+1.1485000E-03,-75.5025111E-03,-40.2010046E-03
+1.1490000E-03,-55.4020088E-03,-40.2010046E-03
+1.1495000E-03,-75.5025111E-03,-22.6130651E-03
+1.1500000E-03,-75.5025111E-03,-20.1005023E-03
+1.1505000E-03,-57.9145716E-03,-36.4321604E-03
+1.1510000E-03,-55.4020088E-03,-32.6633162E-03
+1.1515000E-03,-75.5025111E-03,-22.6130651E-03
+1.1520000E-03,-55.4020088E-03,-40.2010046E-03
+1.1525000E-03,-71.7336669E-03,-36.4321604E-03
+1.1530000E-03,-88.0653250E-03,-40.2010046E-03
+1.1535000E-03,-40.3266321E-03,-36.4321604E-03
+1.1540000E-03,-55.4020088E-03,-26.3819093E-03
+1.1545000E-03,-55.4020088E-03,-40.2010046E-03
+1.1550000E-03,-75.5025111E-03,-40.2010046E-03
+1.1555000E-03,-57.9145716E-03,-40.2010046E-03
+1.1560000E-03,-60.4271344E-03,-46.4824116E-03
+1.1565000E-03,-51.6331646E-03,-42.7135674E-03
+1.1570000E-03,-55.4020088E-03,-32.6633162E-03
+1.1575000E-03,-55.4020088E-03,-40.2010046E-03
+1.1580000E-03,-60.4271344E-03,-52.7638185E-03
+1.1585000E-03,-71.7336669E-03,-56.5326627E-03
+1.1590000E-03,-61.6834158E-03,-40.2010046E-03
+1.1595000E-03,-55.4020088E-03,-54.0200999E-03
+1.1600000E-03,-55.4020088E-03,-40.2010046E-03
+1.1605000E-03,-69.2211041E-03,-40.2010046E-03
+1.1610000E-03,-41.5829135E-03,-25.1256279E-03
+1.1615000E-03,-55.4020088E-03,-40.2010046E-03
+1.1620000E-03,-55.4020088E-03,-40.2010046E-03
+1.1625000E-03,-55.4020088E-03,-40.2010046E-03
+1.1630000E-03,-55.4020088E-03,-40.2010046E-03
+1.1635000E-03,-55.4020088E-03,-40.2010046E-03
+1.1640000E-03,-55.4020088E-03,-40.2010046E-03
+1.1645000E-03,-35.3015065E-03,-22.6130651E-03
+1.1650000E-03,-55.4020088E-03,-60.3015069E-03
+1.1655000E-03,-51.6331646E-03,-42.7135674E-03
+1.1660000E-03,-47.8643205E-03,-40.2010046E-03
+1.1665000E-03,-55.4020088E-03,-40.2010046E-03
+1.1670000E-03,-35.3015065E-03,-40.2010046E-03
+1.1675000E-03,-57.9145716E-03,-40.2010046E-03
+1.1680000E-03,-47.8643205E-03,-40.2010046E-03
+1.1685000E-03,-37.8140693E-03,-40.2010046E-03
+1.1690000E-03,-35.3015065E-03,-52.7638185E-03
+1.1695000E-03,-51.6331646E-03,-42.7135674E-03
+1.1700000E-03,-47.8643205E-03,-60.3015069E-03
+1.1705000E-03,-51.6331646E-03,-45.2261302E-03
+1.1710000E-03,-55.4020088E-03,-45.2261302E-03
+1.1715000E-03,-37.8140693E-03,-40.2010046E-03
+1.1720000E-03,-41.5829135E-03,-33.9195976E-03
+1.1725000E-03,-35.3015065E-03,-40.2010046E-03
+1.1730000E-03,-35.3015065E-03,-20.1005023E-03
+1.1735000E-03,-51.6331646E-03,-40.2010046E-03
+1.1740000E-03,-35.3015065E-03,-20.1005023E-03
+1.1745000E-03,-37.8140693E-03,-40.2010046E-03
+1.1750000E-03,-35.3015065E-03,-40.2010046E-03
+1.1755000E-03,-55.4020088E-03,-20.1005023E-03
+1.1760000E-03,-55.4020088E-03,-46.4824116E-03
+1.1765000E-03,-35.3015065E-03,-40.2010046E-03
+1.1770000E-03,-35.3015065E-03,-32.6633162E-03
+1.1775000E-03,-35.3015065E-03,-20.1005023E-03
+1.1780000E-03,-35.3015065E-03,-26.3819093E-03
+1.1785000E-03,-55.4020088E-03,-20.1005023E-03
+1.1790000E-03,-47.8643205E-03,-40.2010046E-03
+1.1795000E-03,-51.6331646E-03,-20.1005023E-03
+1.1800000E-03,-55.4020088E-03,-32.6633162E-03
+1.1805000E-03,-51.6331646E-03,-36.4321604E-03
+1.1810000E-03,-35.3015065E-03,-26.3819093E-03
+1.1815000E-03,-35.3015065E-03,-22.6130651E-03
+1.1820000E-03,-15.2010042E-03,-25.1256279E-03
+1.1825000E-03,-35.3015065E-03,-20.1005023E-03
+1.1830000E-03,-15.2010042E-03,-20.1005023E-03
+1.1835000E-03,-35.3015065E-03,-20.1005023E-03
+1.1840000E-03,-35.3015065E-03,-40.2010046E-03
+1.1845000E-03,-17.7135670E-03,-36.4321604E-03
+1.1850000E-03,-35.3015065E-03,-32.6633162E-03
+1.1855000E-03,-37.8140693E-03,-36.4321604E-03
+1.1860000E-03,-41.5829135E-03,-40.2010046E-03
+1.1865000E-03,-55.4020088E-03,-20.1005023E-03
+1.1870000E-03,-41.5829135E-03,-32.6633162E-03
+1.1875000E-03,-51.6331646E-03,-36.4321604E-03
+1.1880000E-03,-35.3015065E-03,-26.3819093E-03
+1.1885000E-03,-51.6331646E-03,-22.6130651E-03
+1.1890000E-03,-47.8643205E-03,-26.3819093E-03
+1.1895000E-03,-55.4020088E-03,-16.3316581E-03
+1.1900000E-03,-41.5829135E-03,-20.1005023E-03
+1.1905000E-03,-37.8140693E-03,-2.5125628E-03
+1.1910000E-03,-41.5829135E-03,+6.2814070E-03
+1.1915000E-03,-55.4020088E-03,-2.5125628E-03
+1.1920000E-03,-55.4020088E-03,-6.2814070E-03
+1.1925000E-03,-51.6331646E-03,-2.5125628E-03
+1.1930000E-03,-35.3015065E-03,-20.1005023E-03
+1.1935000E-03,-55.4020088E-03,-33.9195976E-03
+1.1940000E-03,-35.3015065E-03,-6.2814070E-03
+1.1945000E-03,-17.7135670E-03,-20.1005023E-03
+1.1950000E-03,-35.3015065E-03,-20.1005023E-03
+1.1955000E-03,-37.8140693E-03,-20.1005023E-03
+1.1960000E-03,-35.3015065E-03,-20.1005023E-03
+1.1965000E-03,-55.4020088E-03,-20.1005023E-03
+1.1970000E-03,-55.4020088E-03,-20.1005023E-03
+1.1975000E-03,-37.8140693E-03,+0.0E+00
+1.1980000E-03,-21.4824112E-03,-20.1005023E-03
+1.1985000E-03,-35.3015065E-03,-2.5125628E-03
+1.1990000E-03,-47.8643205E-03,-20.1005023E-03
+1.1995000E-03,-51.6331646E-03,-2.5125628E-03
+1.2000000E-03,-35.3015065E-03,-20.1005023E-03
+1.2005000E-03,-35.3015065E-03,-20.1005023E-03
+1.2010000E-03,-67.9648228E-03,-6.2814070E-03
+1.2015000E-03,-51.6331646E-03,-20.1005023E-03
+1.2020000E-03,-47.8643205E-03,-6.2814070E-03
+1.2025000E-03,-35.3015065E-03,+0.0E+00
+1.2030000E-03,-47.8643205E-03,-6.2814070E-03
+1.2035000E-03,-35.3015065E-03,-2.5125628E-03
+1.2040000E-03,-41.5829135E-03,-20.1005023E-03
+1.2045000E-03,-35.3015065E-03,-20.1005023E-03
+1.2050000E-03,-41.5829135E-03,-26.3819093E-03
+1.2055000E-03,-35.3015065E-03,-2.5125628E-03
+1.2060000E-03,-41.5829135E-03,-12.5628139E-03
+1.2065000E-03,-51.6331646E-03,-36.4321604E-03
+1.2070000E-03,-27.7638182E-03,-20.1005023E-03
+1.2075000E-03,-51.6331646E-03,-16.3316581E-03
+1.2080000E-03,-35.3015065E-03,-6.2814070E-03
+1.2085000E-03,-35.3015065E-03,+2.5125628E-03
+1.2090000E-03,-27.7638182E-03,+6.2814070E-03
+1.2095000E-03,-55.4020088E-03,-20.1005023E-03
+1.2100000E-03,-47.8643205E-03,-20.1005023E-03
+1.2105000E-03,-55.4020088E-03,+0.0E+00
+1.2110000E-03,-21.4824112E-03,-20.1005023E-03
+1.2115000E-03,-51.6331646E-03,+0.0E+00
+1.2120000E-03,-41.5829135E-03,-6.2814070E-03
+1.2125000E-03,-37.8140693E-03,+16.3316581E-03
+1.2130000E-03,-21.4824112E-03,+0.0E+00
+1.2135000E-03,-35.3015065E-03,+13.8190953E-03
+1.2140000E-03,-47.8643205E-03,-12.5628139E-03
+1.2145000E-03,-35.3015065E-03,+0.0E+00
+1.2150000E-03,-47.8643205E-03,+0.0E+00
+1.2155000E-03,-35.3015065E-03,+0.0E+00
+1.2160000E-03,-35.3015065E-03,+0.0E+00
+1.2165000E-03,-51.6331646E-03,+0.0E+00
+1.2170000E-03,-35.3015065E-03,-12.5628139E-03
+1.2175000E-03,-55.4020088E-03,+0.0E+00
+1.2180000E-03,-35.3015065E-03,+0.0E+00
+1.2185000E-03,-69.2211041E-03,+0.0E+00
+1.2190000E-03,-41.5829135E-03,-12.5628139E-03
+1.2195000E-03,-55.4020088E-03,+16.3316581E-03
+1.2200000E-03,-47.8643205E-03,+0.0E+00
+1.2205000E-03,-55.4020088E-03,+16.3316581E-03
+1.2210000E-03,-35.3015065E-03,-12.5628139E-03
+1.2215000E-03,-35.3015065E-03,-16.3316581E-03
+1.2220000E-03,-47.8643205E-03,-20.1005023E-03
+1.2225000E-03,-55.4020088E-03,-20.1005023E-03
+1.2230000E-03,-67.9648228E-03,-32.6633162E-03
+1.2235000E-03,-35.3015065E-03,-20.1005023E-03
+1.2240000E-03,-47.8643205E-03,-12.5628139E-03
+1.2245000E-03,-71.7336669E-03,-20.1005023E-03
+1.2250000E-03,-49.1206018E-03,-32.6633162E-03
+1.2255000E-03,-35.3015065E-03,-20.1005023E-03
+1.2260000E-03,-35.3015065E-03,-6.2814070E-03
+1.2265000E-03,-51.6331646E-03,-20.1005023E-03
+1.2270000E-03,-21.4824112E-03,+0.0E+00
+1.2275000E-03,-37.8140693E-03,-16.3316581E-03
+1.2280000E-03,-41.5829135E-03,-20.1005023E-03
+1.2285000E-03,-35.3015065E-03,+0.0E+00
+1.2290000E-03,-47.8643205E-03,+0.0E+00
+1.2295000E-03,-35.3015065E-03,+0.0E+00
+1.2300000E-03,-35.3015065E-03,-20.1005023E-03
+1.2305000E-03,-31.5326623E-03,-16.3316581E-03
+1.2310000E-03,-35.3015065E-03,+6.2814070E-03
+1.2315000E-03,-35.3015065E-03,-2.5125628E-03
+1.2320000E-03,-47.8643205E-03,-20.1005023E-03
+1.2325000E-03,-35.3015065E-03,+0.0E+00
+1.2330000E-03,-35.3015065E-03,+5.0251256E-03
+1.2335000E-03,-35.3015065E-03,-2.5125628E-03
+1.2340000E-03,-35.3015065E-03,-20.1005023E-03
+1.2345000E-03,-37.8140693E-03,-20.1005023E-03
+1.2350000E-03,-35.3015065E-03,-20.1005023E-03
+1.2355000E-03,-31.5326623E-03,-20.1005023E-03
+1.2360000E-03,-35.3015065E-03,-26.3819093E-03
+1.2365000E-03,-55.4020088E-03,+0.0E+00
+1.2370000E-03,-47.8643205E-03,-20.1005023E-03
+1.2375000E-03,-55.4020088E-03,-20.1005023E-03
+1.2380000E-03,-55.4020088E-03,-32.6633162E-03
+1.2385000E-03,-37.8140693E-03,-20.1005023E-03
+1.2390000E-03,-55.4020088E-03,-26.3819093E-03
+1.2395000E-03,-35.3015065E-03,-20.1005023E-03
+1.2400000E-03,-15.2010042E-03,-26.3819093E-03
+1.2405000E-03,-35.3015065E-03,-40.2010046E-03
+1.2410000E-03,-21.4824112E-03,-26.3819093E-03
+1.2415000E-03,-31.5326623E-03,-40.2010046E-03
+1.2420000E-03,-35.3015065E-03,-32.6633162E-03
+1.2425000E-03,-15.2010042E-03,-22.6130651E-03
+1.2430000E-03,-21.4824112E-03,-26.3819093E-03
+1.2435000E-03,-35.3015065E-03,-40.2010046E-03
+1.2440000E-03,-35.3015065E-03,-26.3819093E-03
+1.2445000E-03,-31.5326623E-03,-22.6130651E-03
+1.2450000E-03,-27.7638182E-03,-40.2010046E-03
+1.2455000E-03,-35.3015065E-03,-20.1005023E-03
+1.2460000E-03,-35.3015065E-03,-20.1005023E-03
+1.2465000E-03,-35.3015065E-03,-16.3316581E-03
+1.2470000E-03,-40.3266321E-03,-20.1005023E-03
+1.2475000E-03,-35.3015065E-03,-20.1005023E-03
+1.2480000E-03,-41.5829135E-03,-20.1005023E-03
+1.2485000E-03,-37.8140693E-03,-20.1005023E-03
+1.2490000E-03,-35.3015065E-03,-40.2010046E-03
+1.2495000E-03,-51.6331646E-03,-20.1005023E-03
+1.2500000E-03,-15.2010042E-03,-26.3819093E-03
+1.2505000E-03,-51.6331646E-03,-36.4321604E-03
+1.2510000E-03,-55.4020088E-03,-40.2010046E-03
+1.2515000E-03,-35.3015065E-03,-40.2010046E-03
+1.2520000E-03,+4.8994981E-03,-40.2010046E-03
+1.2525000E-03,-15.2010042E-03,-36.4321604E-03
+1.2530000E-03,-27.7638182E-03,-26.3819093E-03
+1.2535000E-03,-37.8140693E-03,-40.2010046E-03
+1.2540000E-03,-41.5829135E-03,-40.2010046E-03
+1.2545000E-03,-31.5326623E-03,-36.4321604E-03
+1.2550000E-03,-27.7638182E-03,-32.6633162E-03
+1.2555000E-03,-15.2010042E-03,-40.2010046E-03
+1.2560000E-03,-15.2010042E-03,-20.1005023E-03
+1.2565000E-03,-15.2010042E-03,-20.1005023E-03
+1.2570000E-03,-35.3015065E-03,-32.6633162E-03
+1.2575000E-03,-31.5326623E-03,-42.7135674E-03
+1.2580000E-03,-27.7638182E-03,-40.2010046E-03
+1.2585000E-03,-15.2010042E-03,-40.2010046E-03
+1.2590000E-03,-27.7638182E-03,-26.3819093E-03
+1.2595000E-03,-31.5326623E-03,-22.6130651E-03
+1.2600000E-03,-47.8643205E-03,-40.2010046E-03
+1.2605000E-03,-15.2010042E-03,-36.4321604E-03
+1.2610000E-03,-20.2261298E-03,-40.2010046E-03
+1.2615000E-03,-15.2010042E-03,-56.5326627E-03
+1.2620000E-03,-15.2010042E-03,-26.3819093E-03
+1.2625000E-03,-15.2010042E-03,-36.4321604E-03
+1.2630000E-03,-27.7638182E-03,-40.2010046E-03
+1.2635000E-03,-15.2010042E-03,-22.6130651E-03
+1.2640000E-03,-15.2010042E-03,-26.3819093E-03
+1.2645000E-03,-15.2010042E-03,-22.6130651E-03
+1.2650000E-03,-8.9195973E-03,-20.1005023E-03
+1.2655000E-03,-31.5326623E-03,-22.6130651E-03
+1.2660000E-03,-15.2010042E-03,-32.6633162E-03
+1.2665000E-03,-17.7135670E-03,-20.1005023E-03
+1.2670000E-03,-21.4824112E-03,-20.1005023E-03
+1.2675000E-03,-31.5326623E-03,-20.1005023E-03
+1.2680000E-03,-35.3015065E-03,-20.1005023E-03
+1.2685000E-03,-15.2010042E-03,-20.1005023E-03
+1.2690000E-03,-15.2010042E-03,-32.6633162E-03
+1.2695000E-03,+2.3869353E-03,-22.6130651E-03
+1.2700000E-03,-27.7638182E-03,-20.1005023E-03
+1.2705000E-03,-31.5326623E-03,-20.1005023E-03
+1.2710000E-03,-27.7638182E-03,-20.1005023E-03
+1.2715000E-03,-17.7135670E-03,-22.6130651E-03
+1.2720000E-03,-15.2010042E-03,-20.1005023E-03
+1.2725000E-03,-15.2010042E-03,-16.3316581E-03
+1.2730000E-03,+4.8994981E-03,-12.5628139E-03
+1.2735000E-03,-31.5326623E-03,-36.4321604E-03
+1.2740000E-03,-7.6633159E-03,-6.2814070E-03
+1.2745000E-03,-125.6275E-06,-40.2010046E-03
+1.2750000E-03,-15.2010042E-03,-32.6633162E-03
+1.2755000E-03,-15.2010042E-03,-40.2010046E-03
+1.2760000E-03,-1.3819089E-03,-20.1005023E-03
+1.2765000E-03,-15.2010042E-03,-25.1256279E-03
+1.2770000E-03,-7.6633159E-03,-20.1005023E-03
+1.2775000E-03,-15.2010042E-03,-36.4321604E-03
+1.2780000E-03,-21.4824112E-03,-20.1005023E-03
+1.2785000E-03,-31.5326623E-03,-20.1005023E-03
+1.2790000E-03,-1.3819089E-03,-20.1005023E-03
+1.2795000E-03,-17.7135670E-03,-20.1005023E-03
+1.2800000E-03,-21.4824112E-03,-20.1005023E-03
+1.2805000E-03,-31.5326623E-03,-20.1005023E-03
+1.2810000E-03,-15.2010042E-03,-20.1005023E-03
+1.2815000E-03,-31.5326623E-03,-20.1005023E-03
+1.2820000E-03,-15.2010042E-03,-6.2814070E-03
+1.2825000E-03,-15.2010042E-03,-2.5125628E-03
+1.2830000E-03,-27.7638182E-03,-20.1005023E-03
+1.2835000E-03,+2.3869353E-03,-16.3316581E-03
+1.2840000E-03,-15.2010042E-03,-20.1005023E-03
+1.2845000E-03,-15.2010042E-03,+0.0E+00
+1.2850000E-03,-21.4824112E-03,+0.0E+00
+1.2855000E-03,+2.3869353E-03,-2.5125628E-03
+1.2860000E-03,-15.2010042E-03,-12.5628139E-03
+1.2865000E-03,-15.2010042E-03,-20.1005023E-03
+1.2870000E-03,-15.2010042E-03,-20.1005023E-03
+1.2875000E-03,-31.5326623E-03,-2.5125628E-03
+1.2880000E-03,-1.3819089E-03,-6.2814070E-03
+1.2885000E-03,+2.3869353E-03,-20.1005023E-03
+1.2890000E-03,-15.2010042E-03,-20.1005023E-03
+1.2895000E-03,-15.2010042E-03,-20.1005023E-03
+1.2900000E-03,-15.2010042E-03,-20.1005023E-03
+1.2905000E-03,-17.7135670E-03,-20.1005023E-03
+1.2910000E-03,-7.6633159E-03,-12.5628139E-03
+1.2915000E-03,+2.3869353E-03,-20.1005023E-03
+1.2920000E-03,-7.6633159E-03,-6.2814070E-03
+1.2925000E-03,-15.2010042E-03,-2.5125628E-03
+1.2930000E-03,-7.6633159E-03,-6.2814070E-03
+1.2935000E-03,+2.3869353E-03,-2.5125628E-03
+1.2940000E-03,-8.9195973E-03,-12.5628139E-03
+1.2945000E-03,-17.7135670E-03,-2.5125628E-03
+1.2950000E-03,-35.3015065E-03,-26.3819093E-03
+1.2955000E-03,-15.2010042E-03,-20.1005023E-03
+1.2960000E-03,-15.2010042E-03,-20.1005023E-03
+1.2965000E-03,-17.7135670E-03,-2.5125628E-03
+1.2970000E-03,-21.4824112E-03,-20.1005023E-03
+1.2975000E-03,-15.2010042E-03,-22.6130651E-03
+1.2980000E-03,-15.2010042E-03,-32.6633162E-03
+1.2985000E-03,-31.5326623E-03,-20.1005023E-03
+1.2990000E-03,-15.2010042E-03,-6.2814070E-03
+1.2995000E-03,-15.2010042E-03,+0.0E+00
+1.3000000E-03,-15.2010042E-03,-20.1005023E-03
+1.3005000E-03,-17.7135670E-03,-20.1005023E-03
+1.3010000E-03,-7.6633159E-03,-20.1005023E-03
+1.3015000E-03,-15.2010042E-03,-20.1005023E-03
+1.3020000E-03,-35.3015065E-03,-20.1005023E-03
+1.3025000E-03,-17.7135670E-03,-5.0251256E-03
+1.3030000E-03,-15.2010042E-03,-20.1005023E-03
+1.3035000E-03,-11.4321600E-03,-20.1005023E-03
+1.3040000E-03,-15.2010042E-03,-20.1005023E-03
+1.3045000E-03,-15.2010042E-03,-20.1005023E-03
+1.3050000E-03,-15.2010042E-03,-6.2814070E-03
+1.3055000E-03,-15.2010042E-03,+0.0E+00
+1.3060000E-03,-21.4824112E-03,+6.2814070E-03
+1.3065000E-03,-49.1206018E-03,-16.3316581E-03
+1.3070000E-03,-35.3015065E-03,-20.1005023E-03
+1.3075000E-03,-17.7135670E-03,+0.0E+00
+1.3080000E-03,-35.3015065E-03,-6.2814070E-03
+1.3085000E-03,-15.2010042E-03,-20.1005023E-03
+1.3090000E-03,-20.2261298E-03,-20.1005023E-03
+1.3095000E-03,-35.3015065E-03,-20.1005023E-03
+1.3100000E-03,-35.3015065E-03,-12.5628139E-03
+1.3105000E-03,-31.5326623E-03,-16.3316581E-03
+1.3110000E-03,-27.7638182E-03,-6.2814070E-03
+1.3115000E-03,-35.3015065E-03,-20.1005023E-03
+1.3120000E-03,-35.3015065E-03,-6.2814070E-03
+1.3125000E-03,-17.7135670E-03,-20.1005023E-03
+1.3130000E-03,-35.3015065E-03,-20.1005023E-03
+1.3135000E-03,-17.7135670E-03,-16.3316581E-03
+1.3140000E-03,-21.4824112E-03,-12.5628139E-03
+1.3145000E-03,-17.7135670E-03,-16.3316581E-03
+1.3150000E-03,-35.3015065E-03,-12.5628139E-03
+1.3155000E-03,-35.3015065E-03,+0.0E+00
+1.3160000E-03,-21.4824112E-03,-26.3819093E-03
+1.3165000E-03,-17.7135670E-03,-2.5125628E-03
+1.3170000E-03,-15.2010042E-03,-20.1005023E-03
+1.3175000E-03,-35.3015065E-03,-20.1005023E-03
+1.3180000E-03,-15.2010042E-03,-12.5628139E-03
+1.3185000E-03,-31.5326623E-03,+0.0E+00
+1.3190000E-03,-21.4824112E-03,+0.0E+00
+1.3195000E-03,-31.5326623E-03,-20.1005023E-03
+1.3200000E-03,-41.5829135E-03,-6.2814070E-03
+1.3205000E-03,-37.8140693E-03,-2.5125628E-03
+1.3210000E-03,-27.7638182E-03,-12.5628139E-03
+1.3215000E-03,-31.5326623E-03,-40.2010046E-03
+1.3220000E-03,-21.4824112E-03,-40.2010046E-03
+1.3225000E-03,-17.7135670E-03,-20.1005023E-03
+1.3230000E-03,-27.7638182E-03,-20.1005023E-03
+1.3235000E-03,-17.7135670E-03,-20.1005023E-03
+1.3240000E-03,-35.3015065E-03,-20.1005023E-03
+1.3245000E-03,-35.3015065E-03,-22.6130651E-03
+1.3250000E-03,-41.5829135E-03,-26.3819093E-03
+1.3255000E-03,-37.8140693E-03,-36.4321604E-03
+1.3260000E-03,-35.3015065E-03,-40.2010046E-03
+1.3265000E-03,-37.8140693E-03,-36.4321604E-03
+1.3270000E-03,-47.8643205E-03,-32.6633162E-03
+1.3275000E-03,-35.3015065E-03,-20.1005023E-03
+1.3280000E-03,-35.3015065E-03,-20.1005023E-03
+1.3285000E-03,-31.5326623E-03,-22.6130651E-03
+1.3290000E-03,-35.3015065E-03,-40.2010046E-03
+1.3295000E-03,-35.3015065E-03,-20.1005023E-03
+1.3300000E-03,-35.3015065E-03,-26.3819093E-03
+1.3305000E-03,-35.3015065E-03,-20.1005023E-03
+1.3310000E-03,-29.0200996E-03,-20.1005023E-03
+1.3315000E-03,-35.3015065E-03,-20.1005023E-03
+1.3320000E-03,-35.3015065E-03,-40.2010046E-03
+1.3325000E-03,-17.7135670E-03,-40.2010046E-03
+1.3330000E-03,-35.3015065E-03,-26.3819093E-03
+1.3335000E-03,-35.3015065E-03,-36.4321604E-03
+1.3340000E-03,-35.3015065E-03,-40.2010046E-03
+1.3345000E-03,-17.7135670E-03,-40.2010046E-03
+1.3350000E-03,-27.7638182E-03,-20.1005023E-03
+1.3355000E-03,-35.3015065E-03,-20.1005023E-03
+1.3360000E-03,-35.3015065E-03,-25.1256279E-03
+1.3365000E-03,-51.6331646E-03,-20.1005023E-03
+1.3370000E-03,-55.4020088E-03,-40.2010046E-03
+1.3375000E-03,-17.7135670E-03,-40.2010046E-03
+1.3380000E-03,-35.3015065E-03,-40.2010046E-03
+1.3385000E-03,-15.2010042E-03,-36.4321604E-03
+1.3390000E-03,-35.3015065E-03,-26.3819093E-03
+1.3395000E-03,-35.3015065E-03,-40.2010046E-03
+1.3400000E-03,-21.4824112E-03,-40.2010046E-03
+1.3405000E-03,-55.4020088E-03,-40.2010046E-03
+1.3410000E-03,-35.3015065E-03,-40.2010046E-03
+1.3415000E-03,-17.7135670E-03,-36.4321604E-03
+1.3420000E-03,-21.4824112E-03,-40.2010046E-03
+1.3425000E-03,-17.7135670E-03,-36.4321604E-03
+1.3430000E-03,-15.2010042E-03,-40.2010046E-03
+1.3435000E-03,-15.2010042E-03,-36.4321604E-03
+1.3440000E-03,-21.4824112E-03,-32.6633162E-03
+1.3445000E-03,-35.3015065E-03,-22.6130651E-03
+1.3450000E-03,-35.3015065E-03,-40.2010046E-03
+1.3455000E-03,-15.2010042E-03,-54.0200999E-03
+1.3460000E-03,-21.4824112E-03,-26.3819093E-03
+1.3465000E-03,-17.7135670E-03,-40.2010046E-03
+1.3470000E-03,-35.3015065E-03,-25.1256279E-03
+1.3475000E-03,-31.5326623E-03,-22.6130651E-03
+1.3480000E-03,-35.3015065E-03,+0.0E+00
+1.3485000E-03,-55.4020088E-03,-40.2010046E-03
+1.3490000E-03,-35.3015065E-03,-46.4824116E-03
+1.3495000E-03,-35.3015065E-03,-40.2010046E-03
+1.3500000E-03,-41.5829135E-03,-46.4824116E-03
+1.3505000E-03,-17.7135670E-03,-42.7135674E-03
+1.3510000E-03,-8.9195973E-03,-26.3819093E-03
+1.3515000E-03,-15.2010042E-03,-22.6130651E-03
+1.3520000E-03,-47.8643205E-03,-26.3819093E-03
+1.3525000E-03,-35.3015065E-03,-22.6130651E-03
+1.3530000E-03,-35.3015065E-03,-32.6633162E-03
+1.3535000E-03,-31.5326623E-03,-56.5326627E-03
+1.3540000E-03,-27.7638182E-03,-52.7638185E-03
+1.3545000E-03,-31.5326623E-03,-40.2010046E-03
+1.3550000E-03,-35.3015065E-03,-40.2010046E-03
+1.3555000E-03,-35.3015065E-03,-40.2010046E-03
+1.3560000E-03,-21.4824112E-03,-26.3819093E-03
+1.3565000E-03,-17.7135670E-03,-40.2010046E-03
+1.3570000E-03,-47.8643205E-03,-60.3015069E-03
+1.3575000E-03,-17.7135670E-03,-42.7135674E-03
+1.3580000E-03,-27.7638182E-03,-52.7638185E-03
+1.3585000E-03,-31.5326623E-03,-22.6130651E-03
+1.3590000E-03,-35.3015065E-03,-40.2010046E-03
+1.3595000E-03,-35.3015065E-03,-22.6130651E-03
+1.3600000E-03,-35.3015065E-03,-32.6633162E-03
+1.3605000E-03,-15.2010042E-03,-36.4321604E-03
+1.3610000E-03,-15.2010042E-03,-32.6633162E-03
+1.3615000E-03,-15.2010042E-03,-56.5326627E-03
+1.3620000E-03,-15.2010042E-03,-40.2010046E-03
+1.3625000E-03,-15.2010042E-03,-5.0251256E-03
+1.3630000E-03,-35.3015065E-03,-26.3819093E-03
+1.3635000E-03,-35.3015065E-03,-22.6130651E-03
+1.3640000E-03,-21.4824112E-03,-52.7638185E-03
+1.3645000E-03,-17.7135670E-03,-56.5326627E-03
+1.3650000E-03,-15.2010042E-03,-46.4824116E-03
+1.3655000E-03,-15.2010042E-03,-56.5326627E-03
+1.3660000E-03,-21.4824112E-03,-46.4824116E-03
+1.3665000E-03,-15.2010042E-03,-60.3015069E-03
+1.3670000E-03,-7.6633159E-03,-52.7638185E-03
+1.3675000E-03,-17.7135670E-03,-42.7135674E-03
+1.3680000E-03,-15.2010042E-03,-40.2010046E-03
+1.3685000E-03,-17.7135670E-03,-40.2010046E-03
+1.3690000E-03,-15.2010042E-03,-46.4824116E-03
+1.3695000E-03,-31.5326623E-03,-22.6130651E-03
+1.3700000E-03,-27.7638182E-03,-40.2010046E-03
+1.3705000E-03,-17.7135670E-03,-40.2010046E-03
+1.3710000E-03,-35.3015065E-03,-32.6633162E-03
+1.3715000E-03,-35.3015065E-03,-40.2010046E-03
+1.3720000E-03,-15.2010042E-03,-40.2010046E-03
+1.3725000E-03,-17.7135670E-03,-40.2010046E-03
+1.3730000E-03,-15.2010042E-03,-52.7638185E-03
+1.3735000E-03,+4.8994981E-03,-22.6130651E-03
+1.3740000E-03,-15.2010042E-03,-40.2010046E-03
+1.3745000E-03,-15.2010042E-03,-20.1005023E-03
+1.3750000E-03,-21.4824112E-03,-26.3819093E-03
+1.3755000E-03,-37.8140693E-03,-22.6130651E-03
+1.3760000E-03,-21.4824112E-03,-26.3819093E-03
+1.3765000E-03,-31.5326623E-03,-40.2010046E-03
+1.3770000E-03,-15.2010042E-03,-32.6633162E-03
+1.3775000E-03,-35.3015065E-03,-20.1005023E-03
+1.3780000E-03,-27.7638182E-03,-40.2010046E-03
+1.3785000E-03,-15.2010042E-03,-36.4321604E-03
+1.3790000E-03,-15.2010042E-03,-32.6633162E-03
+1.3795000E-03,-17.7135670E-03,-40.2010046E-03
+1.3800000E-03,-35.3015065E-03,-40.2010046E-03
+1.3805000E-03,-15.2010042E-03,-40.2010046E-03
+1.3810000E-03,-15.2010042E-03,-40.2010046E-03
+1.3815000E-03,+2.3869353E-03,-40.2010046E-03
+1.3820000E-03,-15.2010042E-03,-40.2010046E-03
+1.3825000E-03,-15.2010042E-03,-22.6130651E-03
+1.3830000E-03,-15.2010042E-03,-32.6633162E-03
+1.3835000E-03,-11.4321600E-03,-40.2010046E-03
+1.3840000E-03,-15.2010042E-03,-20.1005023E-03
+1.3845000E-03,-17.7135670E-03,-20.1005023E-03
+1.3850000E-03,-27.7638182E-03,-20.1005023E-03
+1.3855000E-03,-17.7135670E-03,-22.6130651E-03
+1.3860000E-03,-40.3266321E-03,-20.1005023E-03
+1.3865000E-03,-49.1206018E-03,-36.4321604E-03
+1.3870000E-03,-35.3015065E-03,-40.2010046E-03
+1.3875000E-03,-15.2010042E-03,-40.2010046E-03
+1.3880000E-03,-27.7638182E-03,-20.1005023E-03
+1.3885000E-03,-17.7135670E-03,-36.4321604E-03
+1.3890000E-03,-21.4824112E-03,-20.1005023E-03
+1.3895000E-03,-31.5326623E-03,-22.6130651E-03
+1.3900000E-03,-15.2010042E-03,-40.2010046E-03
+1.3905000E-03,-31.5326623E-03,-40.2010046E-03
+1.3910000E-03,-35.3015065E-03,-20.1005023E-03
+1.3915000E-03,-17.7135670E-03,-20.1005023E-03
+1.3920000E-03,-35.3015065E-03,-32.6633162E-03
+1.3925000E-03,-15.2010042E-03,-20.1005023E-03
+1.3930000E-03,-21.4824112E-03,-20.1005023E-03
+1.3935000E-03,-15.2010042E-03,-16.3316581E-03
+1.3940000E-03,-15.2010042E-03,-20.1005023E-03
+1.3945000E-03,-17.7135670E-03,-36.4321604E-03
+1.3950000E-03,-21.4824112E-03,-32.6633162E-03
+1.3955000E-03,-35.3015065E-03,-40.2010046E-03
+1.3960000E-03,-41.5829135E-03,-40.2010046E-03
+1.3965000E-03,-51.6331646E-03,-2.5125628E-03
+1.3970000E-03,-35.3015065E-03,-26.3819093E-03
+1.3975000E-03,-35.3015065E-03,-20.1005023E-03
+1.3980000E-03,-35.3015065E-03,-26.3819093E-03
+1.3985000E-03,-35.3015065E-03,-20.1005023E-03
+1.3990000E-03,-35.3015065E-03,-32.6633162E-03
+1.3995000E-03,-17.7135670E-03,-36.4321604E-03
+1.4000000E-03,-15.2010042E-03,-40.2010046E-03
+1.4005000E-03,-17.7135670E-03,-40.2010046E-03
+1.4010000E-03,-21.4824112E-03,-32.6633162E-03
+1.4015000E-03,-31.5326623E-03,-20.1005023E-03
+1.4020000E-03,-47.8643205E-03,-20.1005023E-03
+1.4025000E-03,-51.6331646E-03,-22.6130651E-03
+1.4030000E-03,-21.4824112E-03,-32.6633162E-03
+1.4035000E-03,-35.3015065E-03,-22.6130651E-03
+1.4040000E-03,-35.3015065E-03,-40.2010046E-03
+1.4045000E-03,-17.7135670E-03,-2.5125628E-03
+1.4050000E-03,-21.4824112E-03,-20.1005023E-03
+1.4055000E-03,-51.6331646E-03,-20.1005023E-03
+1.4060000E-03,-15.2010042E-03,-40.2010046E-03
+1.4065000E-03,-35.3015065E-03,-36.4321604E-03
+1.4070000E-03,-35.3015065E-03,-20.1005023E-03
+1.4075000E-03,-37.8140693E-03,-2.5125628E-03
+1.4080000E-03,-35.3015065E-03,-20.1005023E-03
+1.4085000E-03,-35.3015065E-03,-20.1005023E-03
+1.4090000E-03,-27.7638182E-03,-6.2814070E-03
+1.4095000E-03,-35.3015065E-03,-20.1005023E-03
+1.4100000E-03,-15.2010042E-03,-20.1005023E-03
+1.4105000E-03,-17.7135670E-03,-20.1005023E-03
+1.4110000E-03,-35.3015065E-03,-32.6633162E-03
+1.4115000E-03,-31.5326623E-03,-22.6130651E-03
+1.4120000E-03,-47.8643205E-03,-26.3819093E-03
+1.4125000E-03,-55.4020088E-03,-20.1005023E-03
+1.4130000E-03,-35.3015065E-03,-20.1005023E-03
+1.4135000E-03,-17.7135670E-03,-22.6130651E-03
+1.4140000E-03,-41.5829135E-03,-26.3819093E-03
+1.4145000E-03,-55.4020088E-03,-20.1005023E-03
+1.4150000E-03,-55.4020088E-03,-20.1005023E-03
+1.4155000E-03,-35.3015065E-03,-36.4321604E-03
+1.4160000E-03,-27.7638182E-03,-20.1005023E-03
+1.4165000E-03,-17.7135670E-03,-16.3316581E-03
+1.4170000E-03,-35.3015065E-03,-20.1005023E-03
+1.4175000E-03,-35.3015065E-03,-20.1005023E-03
+1.4180000E-03,-55.4020088E-03,-12.5628139E-03
+1.4185000E-03,-35.3015065E-03,-20.1005023E-03
+1.4190000E-03,-47.8643205E-03,-40.2010046E-03
+1.4195000E-03,-35.3015065E-03,-20.1005023E-03
+1.4200000E-03,-41.5829135E-03,-32.6633162E-03
+1.4205000E-03,-55.4020088E-03,-20.1005023E-03
+1.4210000E-03,-35.3015065E-03,-32.6633162E-03
+1.4215000E-03,-51.6331646E-03,-40.2010046E-03
+1.4220000E-03,-55.4020088E-03,-26.3819093E-03
+1.4225000E-03,-55.4020088E-03,-36.4321604E-03
+1.4230000E-03,-61.6834158E-03,-32.6633162E-03
+1.4235000E-03,-37.8140693E-03,-20.1005023E-03
+1.4240000E-03,-41.5829135E-03,-40.2010046E-03
+1.4245000E-03,-55.4020088E-03,-40.2010046E-03
+1.4250000E-03,-41.5829135E-03,-25.1256279E-03
+1.4255000E-03,-35.3015065E-03,-36.4321604E-03
+1.4260000E-03,-35.3015065E-03,-26.3819093E-03
+1.4265000E-03,-55.4020088E-03,-22.6130651E-03
+1.4270000E-03,-35.3015065E-03,-26.3819093E-03
+1.4275000E-03,-55.4020088E-03,-40.2010046E-03
+1.4280000E-03,-55.4020088E-03,-40.2010046E-03
+1.4285000E-03,-51.6331646E-03,-40.2010046E-03
+1.4290000E-03,-67.9648228E-03,-40.2010046E-03
+1.4295000E-03,-51.6331646E-03,-22.6130651E-03
+1.4300000E-03,-35.3015065E-03,-40.2010046E-03
+1.4305000E-03,-35.3015065E-03,-40.2010046E-03
+1.4310000E-03,-35.3015065E-03,-40.2010046E-03
+1.4315000E-03,-35.3015065E-03,-22.6130651E-03
+1.4320000E-03,-27.7638182E-03,-40.2010046E-03
+1.4325000E-03,-35.3015065E-03,-20.1005023E-03
+1.4330000E-03,-47.8643205E-03,-32.6633162E-03
+1.4335000E-03,-35.3015065E-03,-40.2010046E-03
+1.4340000E-03,-35.3015065E-03,-32.6633162E-03
+1.4345000E-03,-37.8140693E-03,-22.6130651E-03
+1.4350000E-03,-41.5829135E-03,-32.6633162E-03
+1.4355000E-03,-55.4020088E-03,-40.2010046E-03
+1.4360000E-03,-55.4020088E-03,-40.2010046E-03
+1.4365000E-03,-69.2211041E-03,-40.2010046E-03
+1.4370000E-03,-55.4020088E-03,-40.2010046E-03
+1.4375000E-03,-35.3015065E-03,-20.1005023E-03
+1.4380000E-03,-41.5829135E-03,-20.1005023E-03
+1.4385000E-03,-51.6331646E-03,-22.6130651E-03
+1.4390000E-03,-55.4020088E-03,-32.6633162E-03
+1.4395000E-03,-35.3015065E-03,-20.1005023E-03
+1.4400000E-03,-35.3015065E-03,-20.1005023E-03
+1.4405000E-03,-37.8140693E-03,-40.2010046E-03
+1.4410000E-03,-27.7638182E-03,-40.2010046E-03
+1.4415000E-03,-35.3015065E-03,-40.2010046E-03
+1.4420000E-03,-35.3015065E-03,-32.6633162E-03
+1.4425000E-03,-37.8140693E-03,-22.6130651E-03
+1.4430000E-03,-41.5829135E-03,-40.2010046E-03
+1.4435000E-03,-55.4020088E-03,-40.2010046E-03
+1.4440000E-03,-55.4020088E-03,-60.3015069E-03
+1.4445000E-03,-55.4020088E-03,-36.4321604E-03
+1.4450000E-03,-47.8643205E-03,-32.6633162E-03
+1.4455000E-03,-55.4020088E-03,-22.6130651E-03
+1.4460000E-03,-60.4271344E-03,-40.2010046E-03
+1.4465000E-03,-55.4020088E-03,-40.2010046E-03
+1.4470000E-03,-27.7638182E-03,-20.1005023E-03
+1.4475000E-03,-55.4020088E-03,-20.1005023E-03
+1.4480000E-03,-35.3015065E-03,-40.2010046E-03
+1.4485000E-03,-51.6331646E-03,-36.4321604E-03
+1.4490000E-03,-47.8643205E-03,-40.2010046E-03
+1.4495000E-03,-37.8140693E-03,-36.4321604E-03
+1.4500000E-03,-41.5829135E-03,-26.3819093E-03
+1.4505000E-03,-35.3015065E-03,-22.6130651E-03
+1.4510000E-03,-47.8643205E-03,-40.2010046E-03
+1.4515000E-03,-17.7135670E-03,-20.1005023E-03
+1.4520000E-03,-35.3015065E-03,-40.2010046E-03
+1.4525000E-03,-35.3015065E-03,-40.2010046E-03
+1.4530000E-03,-21.4824112E-03,-40.2010046E-03
+1.4535000E-03,-31.5326623E-03,-36.4321604E-03
+1.4540000E-03,-35.3015065E-03,-32.6633162E-03
+1.4545000E-03,-37.8140693E-03,-40.2010046E-03
+1.4550000E-03,-47.8643205E-03,-20.1005023E-03
+1.4555000E-03,-71.7336669E-03,-40.2010046E-03
+1.4560000E-03,-35.3015065E-03,-32.6633162E-03
+1.4565000E-03,-37.8140693E-03,-20.1005023E-03
+1.4570000E-03,-55.4020088E-03,-20.1005023E-03
+1.4575000E-03,-55.4020088E-03,-20.1005023E-03
+1.4580000E-03,-41.5829135E-03,-26.3819093E-03
+1.4585000E-03,-31.5326623E-03,-40.2010046E-03
+1.4590000E-03,-35.3015065E-03,-32.6633162E-03
+1.4595000E-03,-35.3015065E-03,-22.6130651E-03
+1.4600000E-03,-35.3015065E-03,-40.2010046E-03
+1.4605000E-03,-31.5326623E-03,-20.1005023E-03
+1.4610000E-03,-21.4824112E-03,-20.1005023E-03
+1.4615000E-03,-31.5326623E-03,-40.2010046E-03
+1.4620000E-03,-35.3015065E-03,-46.4824116E-03
+1.4625000E-03,-17.7135670E-03,-40.2010046E-03
+1.4630000E-03,-47.8643205E-03,-40.2010046E-03
+1.4635000E-03,-15.2010042E-03,-22.6130651E-03
+1.4640000E-03,-27.7638182E-03,-40.2010046E-03
+1.4645000E-03,-31.5326623E-03,-22.6130651E-03
+1.4650000E-03,-21.4824112E-03,-20.1005023E-03
+1.4655000E-03,-35.3015065E-03,-36.4321604E-03
+1.4660000E-03,-35.3015065E-03,-45.2261302E-03
+1.4665000E-03,-35.3015065E-03,-20.1005023E-03
+1.4670000E-03,-35.3015065E-03,-20.1005023E-03
+1.4675000E-03,-35.3015065E-03,-20.1005023E-03
+1.4680000E-03,-35.3015065E-03,-20.1005023E-03
+1.4685000E-03,-20.2261298E-03,-40.2010046E-03
+1.4690000E-03,-7.6633159E-03,-20.1005023E-03
+1.4695000E-03,-15.2010042E-03,-20.1005023E-03
+1.4700000E-03,-41.5829135E-03,-20.1005023E-03
+1.4705000E-03,-17.7135670E-03,-36.4321604E-03
+1.4710000E-03,-41.5829135E-03,-26.3819093E-03
+1.4715000E-03,-17.7135670E-03,-20.1005023E-03
+1.4720000E-03,-41.5829135E-03,-32.6633162E-03
+1.4725000E-03,-37.8140693E-03,-20.1005023E-03
+1.4730000E-03,-47.8643205E-03,-32.6633162E-03
+1.4735000E-03,-55.4020088E-03,-56.5326627E-03
+1.4740000E-03,-41.5829135E-03,-52.7638185E-03
+1.4745000E-03,-51.6331646E-03,-40.2010046E-03
+1.4750000E-03,-15.2010042E-03,-40.2010046E-03
+1.4755000E-03,-17.7135670E-03,-22.6130651E-03
+1.4760000E-03,-41.5829135E-03,-40.2010046E-03
+1.4765000E-03,-17.7135670E-03,-20.1005023E-03
+1.4770000E-03,-27.7638182E-03,-32.6633162E-03
+1.4775000E-03,-35.3015065E-03,-36.4321604E-03
+1.4780000E-03,-41.5829135E-03,-26.3819093E-03
+1.4785000E-03,-35.3015065E-03,-20.1005023E-03
+1.4790000E-03,-15.2010042E-03,-20.1005023E-03
+1.4795000E-03,-15.2010042E-03,-22.6130651E-03
+1.4800000E-03,-15.2010042E-03,-20.1005023E-03
+1.4805000E-03,-31.5326623E-03,-22.6130651E-03
+1.4810000E-03,-1.3819089E-03,-32.6633162E-03
+1.4815000E-03,-15.2010042E-03,-22.6130651E-03
+1.4820000E-03,-15.2010042E-03,-40.2010046E-03
+1.4825000E-03,-17.7135670E-03,-22.6130651E-03
+1.4830000E-03,-35.3015065E-03,-20.1005023E-03
+1.4835000E-03,-37.8140693E-03,-20.1005023E-03
+1.4840000E-03,-35.3015065E-03,-6.2814070E-03
+1.4845000E-03,-35.3015065E-03,-20.1005023E-03
+1.4850000E-03,-35.3015065E-03,-20.1005023E-03
+1.4855000E-03,-55.4020088E-03,-20.1005023E-03
+1.4860000E-03,-47.8643205E-03,-6.2814070E-03
+1.4865000E-03,-15.2010042E-03,-2.5125628E-03
+1.4870000E-03,-35.3015065E-03,-20.1005023E-03
+1.4875000E-03,-35.3015065E-03,-22.6130651E-03
+1.4880000E-03,-35.3015065E-03,-40.2010046E-03
+1.4885000E-03,-35.3015065E-03,-20.1005023E-03
+1.4890000E-03,-41.5829135E-03,-26.3819093E-03
+1.4895000E-03,-35.3015065E-03,-20.1005023E-03
+1.4900000E-03,-15.2010042E-03,-6.2814070E-03
+1.4905000E-03,-35.3015065E-03,-2.5125628E-03
+1.4910000E-03,-35.3015065E-03,-20.1005023E-03
+1.4915000E-03,-35.3015065E-03,-20.1005023E-03
+1.4920000E-03,-21.4824112E-03,-20.1005023E-03
+1.4925000E-03,-17.7135670E-03,+0.0E+00
+1.4930000E-03,-55.4020088E-03,-6.2814070E-03
+1.4935000E-03,-17.7135670E-03,-20.1005023E-03
+1.4940000E-03,-35.3015065E-03,-20.1005023E-03
+1.4945000E-03,-15.2010042E-03,-20.1005023E-03
+1.4950000E-03,-27.7638182E-03,-20.1005023E-03
+1.4955000E-03,-15.2010042E-03,-16.3316581E-03
+1.4960000E-03,-27.7638182E-03,-20.1005023E-03
+1.4965000E-03,-37.8140693E-03,-20.1005023E-03
+1.4970000E-03,-21.4824112E-03,-32.6633162E-03
+1.4975000E-03,-51.6331646E-03,-20.1005023E-03
+1.4980000E-03,-35.3015065E-03,-5.0251256E-03
+1.4985000E-03,-35.3015065E-03,+0.0E+00
+1.4990000E-03,-40.3266321E-03,-20.1005023E-03
+1.4995000E-03,-37.8140693E-03,-20.1005023E-03
+1.5000000E-03,-35.3015065E-03,-32.6633162E-03
+1.5005000E-03,-35.3015065E-03,-20.1005023E-03
+1.5010000E-03,-35.3015065E-03,+0.0E+00
+1.5015000E-03,-55.4020088E-03,-20.1005023E-03
+1.5020000E-03,-41.5829135E-03,-20.1005023E-03
+1.5025000E-03,-51.6331646E-03,-22.6130651E-03
+1.5030000E-03,-35.3015065E-03,-20.1005023E-03
+1.5035000E-03,-57.9145716E-03,-20.1005023E-03
+1.5040000E-03,-35.3015065E-03,-20.1005023E-03
+1.5045000E-03,-35.3015065E-03,-20.1005023E-03
+1.5050000E-03,-55.4020088E-03,+0.0E+00
+1.5055000E-03,-51.6331646E-03,-20.1005023E-03
+1.5060000E-03,-35.3015065E-03,-20.1005023E-03
+1.5065000E-03,,
